Date,0
2015-01-02,
2015-01-05,0.010794831217786224
2015-01-06,0.01166548816121558
2015-01-07,0.012192248134898557
2015-01-08,0.016169834744754287
2015-01-09,0.00941473584651246
2015-01-12,0.010590943894969666
2015-01-13,0.007452054711142104
2015-01-14,0.017657571259259243
2015-01-15,0.013758452117651277
2015-01-16,0.020812756770372812
2015-01-20,0.022654910936125434
2015-01-21,0.026650554180107058
2015-01-22,0.013213725892937107
2015-01-23,0.009904217115777141
2015-01-26,0.022299688763614486
2015-01-27,0.031243851724606305
2015-01-28,0.025041842086484963
2015-01-29,0.012298735031378035
2015-01-30,0.05157074020581873
2015-02-02,0.018999796369366287
2015-02-03,0.013129428651803884
2015-02-04,0.013637582374494672
2015-02-05,0.04558215901555296
2015-02-06,0.024583040760521067
2015-02-09,0.0099665456628746
2015-02-10,0.016355807931482304
2015-02-11,0.011677217225644645
2015-02-12,0.027164875917905344
2015-02-13,0.0063830294582478825
2015-02-17,0.008883035923797857
2015-02-18,0.008056256898449502
2015-02-19,0.014147280777507557
2015-02-20,0.008384368915457647
2015-02-23,0.01773257973305811
2015-02-24,0.018680946719648373
2015-02-25,0.013417834486858923
2015-02-26,0.04382597366409805
2015-02-27,0.009237600933737175
2015-03-02,0.016915435153181606
2015-03-03,0.010815651172907633
2015-03-04,0.012649411121938653
2015-03-05,0.01266058688900312
2015-03-06,0.008332844072968878
2015-03-09,0.007475110076967626
2015-03-10,0.012817669775422875
2015-03-11,0.01225768220142947
2015-03-12,0.01797505870595953
2015-03-13,0.008680216205599174
2015-03-16,0.012895976114846826
2015-03-17,0.009856812893588657
2015-03-18,0.01313807504131622
2015-03-19,0.012985602552732007
2015-03-20,0.010430048373475085
2015-03-23,0.01317614863002758
2015-03-24,0.011686171966997366
2015-03-25,0.01849377551729927
2015-03-26,0.016918218709544554
2015-03-27,0.01999904387404853
2015-03-30,0.011369595901160599
2015-03-31,0.007302353920934774
2015-04-01,0.0053307691406404125
2015-04-02,0.009014591584233891
2015-04-06,0.01915788555291996
2015-04-07,0.004858130632991996
2015-04-08,0.008249806063048351
2015-04-09,0.006979955631814432
2015-04-10,0.0063367453580672126
2015-04-13,0.006851816607045334
2015-04-14,0.012835937502486655
2015-04-15,0.016145725946544984
2015-04-16,0.02053237523111877
2015-04-17,0.027254351670970844
2015-04-20,0.020950776202221737
2015-04-21,0.020060356594459015
2015-04-22,0.03380748249942198
2015-04-23,0.016174454466739145
2015-04-24,0.05500388973212852
2015-04-27,0.02013974866458517
2015-04-28,0.013407252240453055
2015-04-29,0.007721557148330162
2015-04-30,0.010346187875140916
2015-05-01,0.016374650132516527
2015-05-04,0.008476302855555014
2015-05-05,0.012054567080779417
2015-05-06,0.010274122320781452
2015-05-07,0.013191070900466425
2015-05-08,0.02653432849130256
2015-05-11,0.007386000798375357
2015-05-12,0.010193634536733942
2015-05-13,0.006372119132290993
2015-05-14,0.014367109172961518
2015-05-15,0.009502703258513703
2015-05-18,0.007518766519475772
2015-05-19,0.008985060059110967
2015-05-20,0.007005283329279974
2015-05-21,0.009373898311249391
2015-05-22,0.00970796852290868
2015-05-26,0.007765927711222908
2015-05-27,0.02172886268711041
2015-05-28,0.008714215217278552
2015-05-29,0.01588352129330975
2015-06-01,0.008904392932944653
2015-06-02,0.012335741967661676
2015-06-03,0.011337730571689856
2015-06-04,0.012414002267898792
2015-06-05,0.009543038883939507
2015-06-08,0.015742410970131165
2015-06-09,0.005309010585708767
2015-06-10,0.014554239545801059
2015-06-11,0.005680651330978949
2015-06-12,0.007353067230531488
2015-06-15,0.009229607814476464
2015-06-16,0.005731734075872591
2015-06-17,0.01785614544630946
2015-06-18,0.006371589801792991
2015-06-19,0.009878269154956229
2015-06-22,0.011904762990357615
2015-06-23,0.01925438611620078
2015-06-24,0.008315244617407062
2015-06-25,0.007937472536594433
2015-06-26,0.013350458375063197
2015-06-29,0.010636488565920095
2015-06-30,0.010461904454858548
2015-07-01,0.005051884718504627
2015-07-02,0.017555335086253347
2015-07-06,0.010821389650951169
2015-07-07,0.04564114223842974
2015-07-08,0.013983367381037096
2015-07-09,0.01594665832631988
2015-07-10,0.014372775466587774
2015-07-13,0.011262283549280796
2015-07-14,0.015428752619006515
2015-07-15,0.018552325973473973
2015-07-16,0.030151994626975244
2015-07-17,0.052696691265733876
2015-07-20,0.015218033308202275
2015-07-21,0.017406768452621266
2015-07-22,0.01703661925782919
2015-07-23,0.0158811199473256
2015-07-24,0.03919884173512915
2015-07-27,0.016949642302951477
2015-07-28,0.028729452929127684
2015-07-29,0.031707435548749795
2015-07-30,0.01121516581439517
2015-07-31,0.006443902899527954
2015-08-03,0.04481580183445933
2015-08-04,0.01755514801535835
2015-08-05,0.006572447375430708
2015-08-06,0.024256409462327343
2015-08-07,0.039328570242387416
2015-08-10,0.03260344875658287
2015-08-11,0.022919100239190547
2015-08-12,0.009477251579352143
2015-08-13,0.01949853183488331
2015-08-14,0.013506336282710037
2015-08-17,0.01840457376145802
2015-08-18,0.013470432360143945
2015-08-19,0.009109741719888991
2015-08-20,0.013455878286444898
2015-08-21,0.029973012481013275
2015-08-24,0.01765081216651808
2015-08-25,0.020613252804266232
2015-08-26,0.021320466822954746
2015-08-27,0.022492800490548887
2015-08-28,0.013683490655155332
2015-08-31,0.006874676236561023
2015-09-01,0.011129784320037934
2015-09-02,0.00778197150734358
2015-09-03,0.013242416854178705
2015-09-04,0.011465809013376274
2015-09-08,0.013356947979429597
2015-09-09,0.01211690200815582
2015-09-10,0.008252566972655253
2015-09-11,0.026820404107372853
2015-09-14,0.02938955985915387
2015-09-15,0.00901792238210137
2015-09-16,0.012518959703173436
2015-09-17,0.011718518702979287
2015-09-18,0.010520195330436655
2015-09-21,0.014401206917389574
2015-09-22,0.010335212356320206
2015-09-23,0.01257489571686504
2015-09-24,0.008046433782151198
2015-09-25,0.015126784606282095
2015-09-28,0.010518105763684532
2015-09-29,0.017534549758402216
2015-09-30,0.011707109526948279
2015-10-01,0.017444916501087017
2015-10-02,0.012395875421251625
2015-10-05,0.016042891772078845
2015-10-06,0.015099607870720557
2015-10-07,0.015562867986924682
2015-10-08,0.017890187692733043
2015-10-09,0.014152141743582007
2015-10-12,0.018499277644267297
2015-10-13,0.01824580430636729
2015-10-14,0.01902953617683561
2015-10-15,0.01072407918503136
2015-10-16,0.012276497380826873
2015-10-19,0.012562468329889618
2015-10-20,0.02331795110843216
2015-10-21,0.015658860824091087
2015-10-22,0.01013178447786835
2015-10-23,0.03101646872429086
2015-10-26,0.025772465480608752
2015-10-27,0.00830903582298744
2015-10-28,0.014319453493306428
2015-10-29,0.021967434675850536
2015-10-30,0.01722520330440948
2015-11-02,0.009641858447982538
2015-11-03,0.017759366280018476
2015-11-04,0.0368613718986079
2015-11-05,0.02040913976910394
2015-11-06,0.04596609777739461
2015-11-09,0.008888579255422744
2015-11-10,0.0213720648870665
2015-11-11,0.010400976357531906
2015-11-12,0.010232228068882632
2015-11-13,0.010643342521599547
2015-11-16,0.011176732354571395
2015-11-17,0.006599448526782128
2015-11-18,0.016945674424791356
2015-11-19,0.007423789547217951
2015-11-20,0.014676709446744039
2015-11-23,0.009491583462694679
2015-11-24,0.01966568198233955
2015-11-25,0.017105323870319038
2015-11-27,0.009973604547169296
2015-11-30,0.009930233824155504
2015-12-01,0.014419216631024885
2015-12-02,0.008596709558045113
2015-12-03,0.03262622232858517
2015-12-04,0.013643301311183947
2015-12-07,0.01391160536728721
2015-12-08,0.010584529170698255
2015-12-09,0.005335998510360226
2015-12-10,0.013305854227884675
2015-12-11,0.00979057723802731
2015-12-14,0.015083990734511485
2015-12-15,0.011734016493353375
2015-12-16,0.023659241474159824
2015-12-17,0.008736583485940065
2015-12-18,0.011581054226753717
2015-12-21,0.011987229768574418
2015-12-22,0.028748391428076118
2015-12-23,0.007967033415671784
2015-12-24,0.010075162600509899
2015-12-28,0.012254354872776351
2015-12-29,0.010102997801917828
2015-12-30,0.004355750755311506
2015-12-31,0.010918923915753505
2016-01-04,0.02071731593664661
2016-01-05,0.01406448466915085
2016-01-06,0.02463196156349173
2016-01-07,0.019959202966958522
2016-01-08,0.018580042166352624
2016-01-11,0.028610250246196685
2016-01-12,0.00647447996859665
2016-01-13,0.012898645037671309
2016-01-14,0.01883861780864398
2016-01-15,0.020568939091830368
2016-01-19,0.018125560606660058
2016-01-20,0.0342039868379792
2016-01-21,0.0474380390475292
2016-01-22,0.023557653197812986
2016-01-25,0.02024839845969357
2016-01-26,0.0105402986388119
2016-01-27,0.022625845805385687
2016-01-28,0.05205235513624675
2016-01-29,0.03812844746631646
2016-02-01,0.019438306474170053
2016-02-02,0.02496398013256666
2016-02-03,0.029338179325859
2016-02-04,0.017039508800089753
2016-02-05,0.015505451257294849
2016-02-08,0.02711015773154152
2016-02-09,0.008790224791438924
2016-02-10,0.019413427256891255
2016-02-11,0.01908088999493594
2016-02-12,0.015720518177646407
2016-02-16,0.015510723539938317
2016-02-17,0.019328242067271285
2016-02-18,0.030968507576820518
2016-02-19,0.009757455192147619
2016-02-22,0.021140794058992853
2016-02-23,0.01093084804440345
2016-02-24,0.006869031508995732
2016-02-25,0.012427370272223771
2016-02-26,0.01014566754179117
2016-02-29,0.012662006034998487
2016-03-01,0.020649662583536205
2016-03-02,0.01983336723515695
2016-03-03,0.0226246390352051
2016-03-04,0.025139046243251226
2016-03-07,0.021306384176815647
2016-03-08,0.021393512139841794
2016-03-09,0.013397024789707479
2016-03-10,0.011355331026627802
2016-03-11,0.02958344684278379
2016-03-14,0.02545744956034308
2016-03-15,0.02802408118949401
2016-03-16,0.015925663185727676
2016-03-17,0.023194947221203164
2016-03-18,0.01987561818566113
2016-03-21,0.016463448131397964
2016-03-22,0.00825193216875835
2016-03-23,0.020411609480703606
2016-03-24,0.015235538191658307
2016-03-28,0.0071023537958405086
2016-03-29,0.008806561687922106
2016-03-30,0.01061723004437573
2016-03-31,0.007145279802923659
2016-04-01,0.010847474012852108
2016-04-04,0.01753911678870422
2016-04-05,0.01544633088696936
2016-04-06,0.00995616610952343
2016-04-07,0.015031975296164738
2016-04-08,0.01753570304868458
2016-04-11,0.006017476670527795
2016-04-12,0.008300481983411033
2016-04-13,0.01027099681284849
2016-04-14,0.01111196317463396
2016-04-15,0.011470564787671706
2016-04-18,0.0119933321394949
2016-04-19,0.018342591581862116
2016-04-20,0.016144027566555988
2016-04-21,0.010579834318847316
2016-04-22,0.1645832065415364
2016-04-25,0.041243397727190045
2016-04-26,0.02248354989921347
2016-04-27,0.025082479039616985
2016-04-28,0.02934544354022532
2016-04-29,0.03429319677903951
2016-05-02,0.01635042195622519
2016-05-03,0.014933766491887119
2016-05-04,0.013891614383360338
2016-05-05,0.017440980680780017
2016-05-06,0.009846992388437933
2016-05-09,0.010113087008159966
2016-05-10,0.010490174682384548
2016-05-11,0.007646957517108701
2016-05-12,0.011447103792613978
2016-05-13,0.04696516627813909
2016-05-16,0.01759627848156457
2016-05-17,0.007678676153484429
2016-05-18,0.01027095246883799
2016-05-19,0.010068282818076289
2016-05-20,0.01025654480778163
2016-05-23,0.0170844415987103
2016-05-24,0.009099249312664487
2016-05-25,0.007241087089225272
2016-05-26,0.013354719834785202
2016-05-27,0.017671403736208072
2016-05-31,0.008396950930582897
2016-06-01,0.010556412142459158
2016-06-02,0.014272343061149892
2016-06-03,0.01837521085783786
2016-06-06,0.02304367308426204
2016-06-07,0.01624676668706909
2016-06-08,0.008108120139359723
2016-06-09,0.012981302960045692
2016-06-10,0.01397881965907141
2016-06-13,0.013320850008466894
2016-06-14,0.007947805690023698
2016-06-15,0.0064050348371287435
2016-06-16,0.022661545242818885
2016-06-17,0.03733249661947493
2016-06-20,0.01494799829308889
2016-06-21,0.020996034735487237
2016-06-22,0.0367377764641332
2016-06-23,0.011571135766531132
2016-06-24,0.017139147526619106
2016-06-27,0.018129493591178908
2016-06-28,0.020507897611464786
2016-06-29,0.012013202562876387
2016-06-30,0.009375218382521817
2016-07-01,0.010519996777719606
2016-07-05,0.013375182075639407
2016-07-06,0.007773281077250678
2016-07-07,0.00929703682385557
2016-07-08,0.010645420145529614
2016-07-11,0.01412342089908785
2016-07-12,0.008849836236788224
2016-07-13,0.005333506080570514
2016-07-14,0.008658989541126679
2016-07-15,0.004906455852350279
2016-07-18,0.019844925004545082
2016-07-19,0.012559561565437244
2016-07-20,0.014597191084105345
2016-07-21,0.012322097008788481
2016-07-22,0.03542551849061013
2016-07-25,0.044705982969540904
2016-07-26,0.016586847258859356
2016-07-27,0.02238473258220289
2016-07-28,0.008840780137999068
2016-07-29,0.013641311830322564
2016-08-01,0.01480305642359436
2016-08-02,0.015746285113201097
2016-08-03,0.007090894664483046
2016-08-04,0.0083003202633908
2016-08-05,0.008263086360347106
2016-08-08,0.008227727540980506
2016-08-09,0.007403839980531598
2016-08-10,0.006422597914077787
2016-08-11,0.007198709581957556
2016-08-12,0.01775447475314557
2016-08-15,0.011760155119225528
2016-08-16,0.008513317851532623
2016-08-17,0.011091246306277065
2016-08-18,0.016404236767614256
2016-08-19,0.024941115743697808
2016-08-22,0.005305360530617224
2016-08-23,0.004108273499247134
2016-08-24,0.008455681695809384
2016-08-25,0.0046910677278666196
2016-08-26,0.009334981632901902
2016-08-29,0.009119290925777243
2016-08-30,0.005828756981466566
2016-08-31,0.005052734312104801
2016-09-01,0.019876471144361852
2016-09-02,0.012083630695275628
2016-09-06,0.015335645399831045
2016-09-07,0.020898671211143735
2016-09-08,0.026452630824218202
2016-09-09,0.0133419821202297
2016-09-12,0.0050365991656913
2016-09-13,0.014035524777711559
2016-09-14,0.01780436583268171
2016-09-15,0.011919231664216217
2016-09-16,0.01046611488842924
2016-09-19,0.00918852736233818
2016-09-20,0.00821335553165221
2016-09-21,0.007989624125186346
2016-09-22,0.00799084281661925
2016-09-23,0.01272101749226409
2016-09-26,0.011344522524313472
2016-09-27,0.014465759674928986
2016-09-28,0.004750077734972947
2016-09-29,0.013117866065176806
2016-09-30,0.010388849631544416
2016-10-03,0.016204281496708238
2016-10-04,0.004461688599344777
2016-10-05,0.013741464799420764
2016-10-06,0.015112188125179657
2016-10-07,0.011550030211135914
2016-10-10,0.007773335339659596
2016-10-11,0.015348021920259684
2016-10-12,0.0062361220614139895
2016-10-13,0.006215382913274183
2016-10-14,0.014256485707304102
2016-10-17,0.005321436802738744
2016-10-18,0.007468616068209249
2016-10-19,0.009818568127562495
2016-10-20,0.013889370815838395
2016-10-21,0.02536580794032063
2016-10-24,0.021159316894065555
2016-10-25,0.02341353163769607
2016-10-26,0.00950747978178538
2016-10-27,0.009330588898342377
2016-10-28,0.018791338327630875
2016-10-31,0.008471288344246873
2016-11-01,0.010403232021389633
2016-11-02,0.01767641887909195
2016-11-03,0.01642022378747157
2016-11-04,0.010642863923146772
2016-11-07,0.016072734615032967
2016-11-08,0.00574187083730831
2016-11-09,0.007375626430033168
2016-11-10,0.020555957466004388
2016-11-11,0.09040494408260814
2016-11-14,0.016788047652585403
2016-11-15,0.008254238103927947
2016-11-16,0.03227616287525241
2016-11-17,0.029183647646725343
2016-11-18,0.014054427440627673
2016-11-21,0.013933090029305708
2016-11-22,0.016214777089161414
2016-11-23,0.00760934909451926
2016-11-25,0.0068611427872588195
2016-11-28,0.007230109377399433
2016-11-29,0.01209357917514981
2016-11-30,0.008495628102252791
2016-12-01,0.017395821779897392
2016-12-02,0.0072773918517429455
2016-12-05,0.012375150129639776
2016-12-06,0.02728891449718417
2016-12-07,0.009881222741154274
2016-12-08,0.02590356554409489
2016-12-09,0.017544023735233165
2016-12-12,0.014398203214819374
2016-12-13,0.010839868170289386
2016-12-14,0.01899472992284399
2016-12-15,0.012537369787190852
2016-12-16,0.013227301398939817
2016-12-19,0.01221547508075823
2016-12-20,0.018194052284092217
2016-12-21,0.0032422333359811316
2016-12-22,0.008182743043498189
2016-12-23,0.010701974680512625
2016-12-27,0.021357999689568977
2016-12-28,0.021450380282803563
2016-12-29,0.010226899954123176
2016-12-30,0.012565158894665748
2017-01-03,0.01803606486375911
2017-01-04,0.015897612310734954
2017-01-05,0.0162344952542338
2017-01-06,0.00665557351337614
2017-01-09,0.01158157491943485
2017-01-10,0.007535000848467778
2017-01-11,0.010212449886732275
2017-01-12,0.015482772119092209
2017-01-13,0.012940885115868338
2017-01-17,0.02155019103543376
2017-01-18,0.01917255505655583
2017-01-19,0.011389782620362518
2017-01-20,0.01029945503127606
2017-01-23,0.009127885309067775
2017-01-24,0.016538671659359922
2017-01-25,0.009585688287245441
2017-01-26,0.010129431777847772
2017-01-27,0.011234628841022096
2017-01-30,0.006799123204043877
2017-01-31,0.0078302702390928
2017-02-01,0.05069640632897021
2017-02-02,0.010140890307530327
2017-02-03,0.012413684195078333
2017-02-06,0.034123932562837495
2017-02-07,0.010757439078672588
2017-02-08,0.008405597919773772
2017-02-09,0.012347565603782971
2017-02-10,0.008984045429958603
2017-02-13,0.02096347211629396
2017-02-14,0.007664243209187616
2017-02-15,0.0048885902599879036
2017-02-16,0.015024056033958667
2017-02-17,0.00553713623513888
2017-02-21,0.019705979445651785
2017-02-22,0.013678978326036007
2017-02-23,0.03134961264537864
2017-02-24,0.006729647692359602
2017-02-27,0.028237875040351326
2017-02-28,0.01635526539821037
2017-03-01,0.008406938815733702
2017-03-02,0.02208567545755328
2017-03-03,0.020273695264654903
2017-03-06,0.0039117065326256745
2017-03-07,0.006901980576599849
2017-03-08,0.005719237724888027
2017-03-09,0.00544629008260195
2017-03-10,0.014704210171666536
2017-03-13,0.011077392080491584
2017-03-14,0.016107575173821404
2017-03-15,0.007687217870185247
2017-03-16,0.012066970148492154
2017-03-17,0.009238790965923536
2017-03-20,0.021002635437967897
2017-03-21,0.011584803032551218
2017-03-22,0.006979364455099295
2017-03-23,0.006932098289551125
2017-03-24,0.012172158617194511
2017-03-27,0.00768275132354177
2017-03-28,0.009328447041706739
2017-03-29,0.007802339826638046
2017-03-30,0.009402078096282263
2017-03-31,0.011602848221594459
2017-04-03,0.022283919340869686
2017-04-04,0.02516247262257704
2017-04-05,0.008650755837599543
2017-04-06,0.020219061062916887
2017-04-07,0.007477054617686793
2017-04-10,0.01717658219483841
2017-04-11,0.004862384755314155
2017-04-12,0.014784947451858642
2017-04-13,0.015081609547574124
2017-04-17,0.013767647498838293
2017-04-18,0.005009555354820176
2017-04-19,0.011890680684685424
2017-04-20,0.009982409686612131
2017-04-21,0.006478671536122898
2017-04-24,0.005868044985709961
2017-04-25,0.007639214508844748
2017-04-26,0.004945438115474043
2017-04-27,0.006418139040295172
2017-04-28,0.017581939703837535
2017-05-01,0.00832913334649074
2017-05-02,0.07415667328059816
2017-05-03,0.009982014157594655
2017-05-04,0.016471720874303396
2017-05-05,0.013872120003125689
2017-05-08,0.013578574217162017
2017-05-09,0.013625349129996533
2017-05-10,0.05465453502743261
2017-05-11,0.015719223130348015
2017-05-12,0.007560908525122774
2017-05-15,0.018635647127745448
2017-05-16,0.03341763365464264
2017-05-17,0.028634393876998076
2017-05-18,0.010981837147578756
2017-05-19,0.00997660069159495
2017-05-22,0.01455165746874327
2017-05-23,0.00831721061425816
2017-05-24,0.007625570735601943
2017-05-25,0.006325402792946805
2017-05-26,0.010481880567518545
2017-05-30,0.011098172065242511
2017-05-31,0.008072956819987624
2017-06-01,0.010683005338755578
2017-06-02,0.024804197950126988
2017-06-05,0.015204621005129615
2017-06-06,0.02229847333582295
2017-06-07,0.00878794940941563
2017-06-08,0.023616295932536356
2017-06-09,0.010920857367368784
2017-06-12,0.00802848375602928
2017-06-13,0.01436892921810632
2017-06-14,0.007859537322358782
2017-06-15,0.007678107012643067
2017-06-16,0.01140533453383703
2017-06-19,0.01331634808361207
2017-06-20,0.021431917086850966
2017-06-21,0.02882160749535047
2017-06-22,0.010753754491702308
2017-06-23,0.016077892092239855
2017-06-26,0.0038829622281261714
2017-06-27,0.01174845677910056
2017-06-28,0.011925696646478624
2017-06-29,0.010920417310125866
2017-06-30,0.006786869600678751
2017-07-03,0.009732012816704815
2017-07-05,0.03595046428939497
2017-07-06,0.017369159725782006
2017-07-07,0.004844777862229917
2017-07-10,0.012766880387203807
2017-07-11,0.010751938838952181
2017-07-12,0.011409287449187493
2017-07-13,0.018097835102823787
2017-07-14,0.008835429945274845
2017-07-17,0.00915323464865735
2017-07-18,0.013502043814098467
2017-07-19,0.015620793273740689
2017-07-20,0.00906829314202726
2017-07-21,0.0038802416132196474
2017-07-24,0.014996379867437556
2017-07-25,0.009943829385696037
2017-07-26,0.01319207852306194
2017-07-27,0.018579389932385643
2017-07-28,0.0112694455997525
2017-07-31,0.010230211866047183
2017-08-01,0.006554712736987387
2017-08-02,0.018639555005521107
2017-08-03,0.02212862937653506
2017-08-04,0.009275822184029978
2017-08-07,0.011230774427412627
2017-08-08,0.01302983682429751
2017-08-09,0.008433169600319701
2017-08-10,0.011871781650418817
2017-08-11,0.01936821254579561
2017-08-14,0.020701602320452817
2017-08-15,0.008153352752708924
2017-08-16,0.010689829595535365
2017-08-17,0.004102669310003075
2017-08-18,0.006278132706434858
2017-08-21,0.010119282984015446
2017-08-22,0.004667280874340787
2017-08-23,0.014278853846223748
2017-08-24,0.0032292891745425885
2017-08-25,0.011439491676294726
2017-08-28,0.00766409533496493
2017-08-29,0.0055781194737313505
2017-08-30,0.01156591475685392
2017-08-31,0.007410731737903172
2017-09-01,0.006600512081922446
2017-09-05,0.00599216159280406
2017-09-06,0.0066474377812085475
2017-09-07,0.012975488727998637
2017-09-08,0.00709510565200931
2017-09-11,0.01492735781434847
2017-09-12,0.0071664746813053706
2017-09-13,0.007909926435223827
2017-09-14,0.012406881461843475
2017-09-15,0.01865493266351678
2017-09-18,0.02055986642868592
2017-09-19,0.01021177414062643
2017-09-20,0.01985906386220444
2017-09-21,0.009992993871414614
2017-09-22,0.012458211104814354
2017-09-25,0.015330592336664737
2017-09-26,0.007363363268598043
2017-09-27,0.0112187556599003
2017-09-28,0.007504056648108909
2017-09-29,0.005387106686061367
2017-10-02,0.0046036481186136876
2017-10-03,0.017376180205995375
2017-10-04,0.009162852723681558
2017-10-05,0.01056002267564813
2017-10-06,0.005042673069859628
2017-10-09,0.015551759796222548
2017-10-10,0.01307784518172217
2017-10-11,0.0063774980869221575
2017-10-12,0.00801947936644329
2017-10-13,0.0065226601642060485
2017-10-16,0.008969996125000405
2017-10-17,0.008016022010922845
2017-10-18,0.009934891188354245
2017-10-19,0.013336364439966296
2017-10-20,0.00820381037539299
2017-10-23,0.01492152783053354
2017-10-24,0.004590980306768822
2017-10-25,0.03911248705839425
2017-10-26,0.00964291855218513
2017-10-27,0.04063670376044311
2017-10-30,0.028930841728192942
2017-10-31,0.012113692342401774
2017-11-01,0.013474824821724483
2017-11-02,0.02220513744709275
2017-11-03,0.015158656098907868
2017-11-06,0.02199331610785421
2017-11-07,0.01000670978447875
2017-11-08,0.011263925318287736
2017-11-09,0.014510697164899142
2017-11-10,0.0167028529439742
2017-11-13,0.014954004075017357
2017-11-14,0.009385803850325778
2017-11-15,0.008812114746491127
2017-11-16,0.0078022045472132505
2017-11-17,0.00811916968684114
2017-11-20,0.00944772767072034
2017-11-21,0.007062605049309432
2017-11-22,0.009112208434553288
2017-11-24,0.009174588360009077
2017-11-27,0.010633179129972983
2017-11-28,0.012800843033588865
2017-11-29,0.017024860922030823
2017-11-30,0.007647535247415819
2017-12-01,0.006490531711268253
2017-12-04,0.019158101930239695
2017-12-05,0.00698101798326358
2017-12-06,0.009494289616600253
2017-12-07,0.008484161807645751
2017-12-08,0.0099328010172296
2017-12-11,0.012824217572749546
2017-12-12,0.01639423357852931
2017-12-13,0.011561123173943068
2017-12-14,0.005912647316913849
2017-12-15,0.007301026845612149
2017-12-18,0.021454893423761705
2017-12-19,0.006919095591276123
2017-12-20,0.00640342506638686
2017-12-21,0.00647562699214332
2017-12-22,0.01094587835575134
2017-12-26,0.011544692627650814
2017-12-27,0.007446449503300929
2017-12-28,0.003881304967097628
2017-12-29,0.007414224385265117
2018-01-02,0.01620694007470987
2018-01-03,0.022226372184831665
2018-01-04,0.014782778725145995
2018-01-05,0.009766093866695634
2018-01-08,0.019783283182445145
2018-01-09,0.01143745701477232
2018-01-10,0.009598637002018854
2018-01-11,0.007936780894496542
2018-01-12,0.018676003903788534
2018-01-16,0.012622547259768233
2018-01-17,0.020215781717979612
2018-01-18,0.01047161924380031
2018-01-19,0.010307867837741532
2018-01-22,0.013008368782933613
2018-01-23,0.010358974990497757
2018-01-24,0.007385570706260511
2018-01-25,0.016746218785273177
2018-01-26,0.012279802808207518
2018-01-29,0.017333306677858
2018-01-30,0.013054486622715942
2018-01-31,0.01919411402411664
2018-02-01,0.021520659819176776
2018-02-02,0.023787677393758276
2018-02-05,0.018439584400346463
2018-02-06,0.01732153751111944
2018-02-07,0.020434148543746523
2018-02-08,0.015623854686435078
2018-02-09,0.022698586385921232
2018-02-12,0.01756443322201989
2018-02-13,0.01281869213455106
2018-02-14,0.013269099363880621
2018-02-15,0.011516115850666687
2018-02-16,0.009691255951448157
2018-02-20,0.010072904796220215
2018-02-21,0.013439260446235415
2018-02-22,0.012033413279233825
2018-02-23,0.004318403502861881
2018-02-26,0.008846492322746816
2018-02-27,0.009486720314337
2018-02-28,0.010118251080745766
2018-03-01,0.010165757750871392
2018-03-02,0.01004968240397762
2018-03-05,0.01187758538680368
2018-03-06,0.01399881391402107
2018-03-07,0.015305400800547092
2018-03-08,0.009972613080550119
2018-03-09,0.015153896766874031
2018-03-12,0.019139340548474534
2018-03-13,0.009330762936251317
2018-03-14,0.01744744839987466
2018-03-15,0.00940885374102907
2018-03-16,0.015408211609419699
2018-03-19,0.01819982609035156
2018-03-20,0.019226148164157714
2018-03-21,0.014086722407769094
2018-03-22,0.009160433076761914
2018-03-23,0.008519972647628767
2018-03-26,0.025683728794005895
2018-03-27,0.020244667676752044
2018-03-28,0.02310501441119546
2018-03-29,0.015139239501253735
2018-04-02,0.0142171506492779
2018-04-03,0.017494388212606737
2018-04-04,0.021990706989695744
2018-04-05,0.024036011740316658
2018-04-06,0.007563159318532856
2018-04-09,0.015113922977334071
2018-04-10,0.014803334128628451
2018-04-11,0.007188158478497009
2018-04-12,0.017462910349448448
2018-04-13,0.014612152282093576
2018-04-16,0.012237573027890256
2018-04-17,0.01562748321131938
2018-04-18,0.014106523032359238
2018-04-19,0.026879779524540303
2018-04-20,0.01145683785645185
2018-04-23,0.00940339459677855
2018-04-24,0.019443488350702785
2018-04-25,0.012379439925104855
2018-04-26,0.040499224561286434
2018-04-27,0.01662810885068572
2018-04-30,0.011434570287042657
2018-05-01,0.006229388824254201
2018-05-02,0.017244991690081236
2018-05-03,0.021080715903606963
2018-05-04,0.010272731965278286
2018-05-07,0.012987128719209701
2018-05-08,0.005825154918379229
2018-05-09,0.009647417109382729
2018-05-10,0.00819229433149829
2018-05-11,0.008113626044033984
2018-05-14,0.01401563489025348
2018-05-15,0.013800295834064258
2018-05-16,0.010207632057982153
2018-05-17,0.004830558918531099
2018-05-18,0.01154172475039469
2018-05-21,0.010126212745077919
2018-05-22,0.010206960136609376
2018-05-23,0.008629971943363507
2018-05-24,0.00846614909634479
2018-05-25,0.008423834675677994
2018-05-29,0.011569766027888192
2018-05-30,0.01121254251036374
2018-05-31,0.013221769387583198
2018-06-01,0.011067391579659224
2018-06-04,0.009923835190438136
2018-06-05,0.011641116315388732
2018-06-06,0.031746895261485816
2018-06-07,0.014666956702877043
2018-06-08,0.012136290283373334
2018-06-11,0.016054176281172974
2018-06-12,0.008886998395070223
2018-06-13,0.011490720606803864
2018-06-14,0.011804738230188202
2018-06-15,0.0061301415202519175
2018-06-18,0.021238037255449364
2018-06-19,0.015696697762726374
2018-06-20,0.010638055409390917
2018-06-21,0.01605839058504841
2018-06-22,0.014608738860407295
2018-06-25,0.013988613837124186
2018-06-26,0.010242390966937317
2018-06-27,0.011344485198278187
2018-06-28,0.010567179690398385
2018-06-29,0.012678980764323848
2018-07-02,0.013587507011283126
2018-07-03,0.01755157778341809
2018-07-05,0.012595275601631534
2018-07-06,0.014737915913443162
2018-07-09,0.008135082074444737
2018-07-10,0.007385487880370694
2018-07-11,0.013031617038458372
2018-07-12,0.04774552638626305
2018-07-13,0.01362432716240514
2018-07-16,0.011220405550563655
2018-07-17,0.009894442492366472
2018-07-18,0.02097698912656882
2018-07-19,0.007972235407384579
2018-07-20,0.012085632044617172
2018-07-23,0.015876278351867033
2018-07-24,0.02111754233163529
2018-07-25,0.014372649046733792
2018-07-26,0.0758678636386788
2018-07-27,0.016843972630114303
2018-07-30,0.01854209224153299
2018-07-31,0.02049883992761836
2018-08-01,0.01956858602043344
2018-08-02,0.045309361691533885
2018-08-03,0.007131148688667999
2018-08-06,0.020765300636715094
2018-08-07,0.03273738853179823
2018-08-08,0.009594169790466218
2018-08-09,0.016235017323127692
2018-08-10,0.01022021875327145
2018-08-13,0.011321579402094134
2018-08-14,0.013740839090682265
2018-08-15,0.01166898195060196
2018-08-16,0.012042625170926092
2018-08-17,0.031914421078016744
2018-08-20,0.009195701388677056
2018-08-21,0.015462616475101032
2018-08-22,0.013676602029951928
2018-08-23,0.02118817295977246
2018-08-24,0.020331512925450285
2018-08-27,0.015419234237795943
2018-08-28,0.009494711287631456
2018-08-29,0.014049461302138683
2018-08-30,0.00805430154976826
2018-08-31,0.009818961532625318
2018-09-04,0.0411532846206786
2018-09-05,0.014896067339199619
2018-09-06,0.015263891609703284
2018-09-07,0.0323976295787781
2018-09-10,0.03496744896619075
2018-09-11,0.019474202902052977
2018-09-12,0.031438661433489924
2018-09-13,0.023591577440582392
2018-09-14,0.02305827450959321
2018-09-17,0.008936115977205018
2018-09-18,0.017515038557114924
2018-09-19,0.018652499161057167
2018-09-20,0.01148998435937571
2018-09-21,0.010308331470382875
2018-09-24,0.013619608971730486
2018-09-25,0.010379492610782543
2018-09-26,0.011884519622424873
2018-09-27,0.00826003644521613
2018-09-28,0.04786348332946863
2018-10-01,0.05103786099170621
2018-10-02,0.023427708622457615
2018-10-03,0.0125857482191993
2018-10-04,0.00916184668404492
2018-10-05,0.018295052273095597
2018-10-08,0.012498507656612857
2018-10-09,0.01623708086040379
2018-10-10,0.016329753389060356
2018-10-11,0.015724227227083554
2018-10-12,0.013613611975266896
2018-10-15,0.013504620290311346
2018-10-16,0.016459844680988225
2018-10-17,0.012780295350757153
2018-10-18,0.008717714163619788
2018-10-19,0.035069054480236284
2018-10-22,0.01596279168038484
2018-10-23,0.043260513775390294
2018-10-24,0.024159753328167995
2018-10-25,0.0651055107248694
2018-10-26,0.036455463656478775
2018-10-29,0.02367464370689785
2018-10-30,0.030345148465215223
2018-10-31,0.014443891622546211
2018-11-01,0.03299397155299856
2018-11-02,0.021442443562346147
2018-11-05,0.010581643866110864
2018-11-06,0.014388973331194332
2018-11-07,0.020613887562006352
2018-11-08,0.017576656053356007
2018-11-09,0.009240631907607605
2018-11-12,0.022891538468404336
2018-11-13,0.017730140221220138
2018-11-14,0.02391240922083947
2018-11-15,0.012520518189325258
2018-11-16,0.05725075122091604
2018-11-19,0.02994620666523556
2018-11-20,0.02029910962809988
2018-11-21,0.018572332873608998
2018-11-23,0.018635958703228754
2018-11-26,0.0158919540330363
2018-11-27,0.015501845353173352
2018-11-28,0.018285788725912116
2018-11-29,0.0102360223406918
2018-11-30,0.0140038391496383
2018-12-03,0.030574542956527728
2018-12-04,0.028760883150136963
2018-12-06,0.013746258567660805
2018-12-07,0.02506205316448631
2018-12-10,0.013043512844940321
2018-12-11,0.013166627448908808
2018-12-12,0.010456471375392308
2018-12-13,0.014317406858761652
2018-12-14,0.012269973855655269
2018-12-17,0.018003465373043606
2018-12-18,0.01819600361874405
2018-12-19,0.02425943700026156
2018-12-20,0.014443682161808304
2018-12-21,0.025763143372671715
2018-12-24,0.019899988509731126
2018-12-26,0.017196944699059098
2018-12-27,0.014054126756267389
2018-12-28,0.01837579252453181
2018-12-31,0.013168366345082035
2019-01-02,0.027000656300720658
2019-01-03,0.02819391170394362
2019-01-04,0.02469115418336349
2019-01-07,0.02779181039715661
2019-01-08,0.01569228698027975
2019-01-09,0.019862469877642775
2019-01-10,0.012139707370168179
2019-01-11,0.013624412051613374
2019-01-14,0.014176819708385618
2019-01-15,0.013790894190020076
2019-01-16,0.012756595821543995
2019-01-17,0.00748267354439123
2019-01-18,0.0458566376739916
2019-01-22,0.014198948373151726
2019-01-23,0.015366277151119392
2019-01-24,0.02535369267966865
2019-01-25,0.014238942008686641
2019-01-28,0.04161557249993992
2019-01-29,0.017105224455497666
2019-01-30,0.05144682037490578
2019-01-31,0.03818034723442066
2019-02-01,0.02017259477214667
2019-02-04,0.014420205749058172
2019-02-05,0.016039103284122353
2019-02-06,0.018361922325037267
2019-02-07,0.008357328534196382
2019-02-08,0.009790632522982356
2019-02-11,0.010265735487206468
2019-02-12,0.0137893284565521
2019-02-13,0.006170752931412532
2019-02-14,0.008381045012642249
2019-02-15,0.011419361283994723
2019-02-19,0.007111955399479983
2019-02-20,0.007112775467954876
2019-02-21,0.014129649681714922
2019-02-22,0.009649862997256706
2019-02-25,0.006312859843044021
2019-02-26,0.008059015596042175
2019-02-27,0.0214687084971915
2019-02-28,0.008604079396633518
2019-03-01,0.027601779198706777
2019-03-04,0.015734148379170237
2019-03-05,0.013665083498170728
2019-03-06,0.0152596665324522
2019-03-07,0.00725636039644117
2019-03-08,0.009031429141902499
2019-03-11,0.016257035967378073
2019-03-12,0.012292872344246057
2019-03-13,0.011449044996378843
2019-03-14,0.01092758618506252
2019-03-15,0.03506205013941724
2019-03-18,0.015640034024680786
2019-03-19,0.0356406508877542
2019-03-20,0.015423996263212825
2019-03-21,0.024990323455593075
2019-03-22,0.01191076022069464
2019-03-25,0.010386718741346248
2019-03-26,0.01216002345468046
2019-03-27,0.014795325101491993
2019-03-28,0.005577167723637271
2019-03-29,0.00618638466702681
2019-04-01,0.00873754444425758
2019-04-02,0.012134634324447759
2019-04-03,0.02448058229699862
2019-04-04,0.02592889586173311
2019-04-05,0.009509001534501819
2019-04-08,0.008551420134870839
2019-04-09,0.014302220692313775
2019-04-10,0.008111235370517188
2019-04-11,0.008996126448965362
2019-04-12,0.010738737898026247
2019-04-15,0.010285944245119874
2019-04-16,0.01118807696572602
2019-04-17,0.010117004218889083
2019-04-18,0.006629721848181178
2019-04-22,0.01624857910928828
2019-04-23,0.007975960008541106
2019-04-24,0.009966223940424405
2019-04-25,0.028522002252956643
2019-04-26,0.0239735043248894
2019-04-29,0.01108307430743036
2019-04-30,0.025492160286043165
2019-05-01,0.02086566543503238
2019-05-02,0.022497361284944416
2019-05-03,0.014475463305144121
2019-05-06,0.009142447870814863
2019-05-07,0.007812647253249847
2019-05-08,0.007889332138189731
2019-05-09,0.007845277436782476
2019-05-10,0.011493803899210075
2019-05-13,0.012696186254790463
2019-05-14,0.016370548081716698
2019-05-15,0.014695594770200859
2019-05-16,0.015205648754012101
2019-05-17,0.019823202570821367
2019-05-20,0.01649998097766934
2019-05-21,0.009273486460413921
2019-05-22,0.019140757739632808
2019-05-23,0.015083218149083807
2019-05-24,0.009043523780171108
2019-05-28,0.031347667335778935
2019-05-29,0.011185842264658566
2019-05-30,0.006250812160258947
2019-05-31,0.00601153246827824
2019-06-03,0.027639877077206634
2019-06-04,0.023747740004908913
2019-06-05,0.011310151217229277
2019-06-06,0.022473110139249877
2019-06-07,0.011064310315282828
2019-06-10,0.010494579822018643
2019-06-11,0.01279772190450404
2019-06-12,0.011479047157105151
2019-06-13,0.01180489707831361
2019-06-14,0.021790391244561277
2019-06-17,0.02346374840849162
2019-06-18,0.01961616454385934
2019-06-19,0.004639983343147039
2019-06-20,0.014701394198948302
2019-06-21,0.012157024958491074
2019-06-24,0.00661492724423285
2019-06-25,0.006744411864318694
2019-06-26,0.0188045074010491
2019-06-27,0.010262423176546468
2019-06-28,0.009345566530390998
2019-07-01,0.011971546605616655
2019-07-02,0.011929988468118944
2019-07-03,0.018880793705545358
2019-07-05,0.008940000230319382
2019-07-08,0.012540323533015705
2019-07-09,0.012014981522610513
2019-07-10,0.010308619066792436
2019-07-11,0.01487562550122261
2019-07-12,0.011498011068435352
2019-07-15,0.014225588430861273
2019-07-16,0.0061257332120578795
2019-07-17,0.020710230589993453
2019-07-18,0.016032254294939628
2019-07-19,0.010272468565530995
2019-07-22,0.009312613500140144
2019-07-23,0.00736378566135206
2019-07-24,0.009778867185919079
2019-07-25,0.03768041216578039
2019-07-26,0.029639957200641023
2019-07-29,0.014590380252273261
2019-07-30,0.011653425212745644
2019-07-31,0.030121554323032675
2019-08-01,0.012233048887780824
2019-08-02,0.007760713758592105
2019-08-05,0.010944475923751591
2019-08-06,0.008454538024374625
2019-08-07,0.003977152357569028
2019-08-08,0.04271151034696361
2019-08-09,0.012284547803878694
2019-08-12,0.013816920082907077
2019-08-13,0.012851488172041861
2019-08-14,0.012444143577496068
2019-08-15,0.010849584956217547
2019-08-16,0.02006285995689841
2019-08-19,0.01702964681906573
2019-08-20,0.008257452088426211
2019-08-21,0.014159814404087579
2019-08-22,0.005748010658563924
2019-08-23,0.01551763903369005
2019-08-26,0.004040294856156101
2019-08-27,0.007368394406035591
2019-08-28,0.005929042971552614
2019-08-29,0.006410283073105338
2019-08-30,0.007226476465410175
2019-09-03,0.009741143996436611
2019-09-04,0.016084460095488518
2019-09-05,0.014513973062989363
2019-09-06,0.010188656703971915
2019-09-09,0.008111750488851911
2019-09-10,0.010297715342430486
2019-09-11,0.01677787829712932
2019-09-12,0.007334820573667995
2019-09-13,0.013691684111509088
2019-09-16,0.006460732454790086
2019-09-17,0.0034918853593666134
2019-09-18,0.007918115935009623
2019-09-19,0.010372344442019954
2019-09-20,0.006979595065005312
2019-09-23,0.009593149346041316
2019-09-24,0.01987069787361875
2019-09-25,0.014837510714275635
2019-09-26,0.020473454253274348
2019-09-27,0.009057901085330533
2019-09-30,0.008585392954616902
2019-10-01,0.008950129458305756
2019-10-02,0.006724100681421937
2019-10-03,0.021178125177522707
2019-10-04,0.010043042665788052
2019-10-07,0.011932566968152952
2019-10-08,0.012116399532926904
2019-10-09,0.0043724784625471715
2019-10-10,0.007229034775213202
2019-10-11,0.013321468411251992
2019-10-14,0.012783779148442937
2019-10-15,0.015159944511598774
2019-10-16,0.015695602817699807
2019-10-17,0.004837048648565644
2019-10-18,0.009243367787242829
2019-10-21,0.013475675697410578
2019-10-22,0.012361686090838726
2019-10-23,0.013709188054605585
2019-10-24,0.05066022890597617
2019-10-25,0.028839872536982343
2019-10-28,0.008878579202510626
2019-10-29,0.009902329401273316
2019-10-30,0.005497336813542571
2019-10-31,0.013436825722554975
2019-11-01,0.011868576602393639
2019-11-04,0.012854290013035934
2019-11-05,0.00967535517413668
2019-11-06,0.011520686962286282
2019-11-07,0.010075417565593055
2019-11-08,0.00401690129100773
2019-11-11,0.009054288434720899
2019-11-12,0.0076737730279016324
2019-11-13,0.010385420120298645
2019-11-14,0.009692645852954433
2019-11-15,0.013351402645186415
2019-11-18,0.01639048960509293
2019-11-19,0.016658372546159244
2019-11-20,0.009443007023292423
2019-11-21,0.012177250652974207
2019-11-22,0.018857147247437554
2019-11-25,0.011650823277021286
2019-11-26,0.011558919135484182
2019-11-27,0.00530188113207683
2019-11-29,0.0029427287131777386
2019-12-02,0.011473795855382789
2019-12-03,0.007774465840669654
2019-12-04,0.010003257757311163
2019-12-05,0.008358237428287764
2019-12-06,0.006424499070883544
2019-12-09,0.008015048722188391
2019-12-10,0.009117654561497096
2019-12-11,0.00694075053245727
2019-12-12,0.02608176709998185
2019-12-13,0.016630191337088575
2019-12-16,0.017364232206551776
2019-12-17,0.006961047828974061
2019-12-18,0.014397282243007023
2019-12-19,0.011482977162659159
2019-12-20,0.010859768052845675
2019-12-23,0.01254379690988608
2019-12-24,0.008875166718575501
2019-12-26,0.01356375533146142
2019-12-27,0.004255761476241704
2019-12-30,0.01040775796094537
2019-12-31,0.004237747539327041
2020-01-02,0.01475889034930784
2020-01-03,0.014030157904234845
2020-01-06,0.01224345192805374
2020-01-07,0.013611481257996752
2020-01-08,0.016913965062129867
2020-01-09,0.013197067888391801
2020-01-10,0.00955863716223884
2020-01-13,0.026211636523725962
2020-01-14,0.014672441814395093
2020-01-15,0.013466423191628132
2020-01-16,0.009244661745403936
2020-01-17,0.00981484198819263
2020-01-21,0.022677089814164362
2020-01-22,0.013267765968190211
2020-01-23,0.007984458435980123
2020-01-24,0.010371637993263925
2020-01-27,0.012294850228538035
2020-01-28,0.007054438762185491
2020-01-29,0.024923881948843006
2020-01-30,0.039185459046533554
2020-01-31,0.0355686914794371
2020-02-03,0.056973295640151925
2020-02-04,0.038167746748552646
2020-02-05,0.05526625037693258
2020-02-06,0.009540580349967904
2020-02-07,0.011762030982879918
2020-02-10,0.01689263591612609
2020-02-11,0.018542038202691468
2020-02-12,0.0094872743297222
2020-02-13,0.015977873125371047
2020-02-14,0.023122691260382633
2020-02-18,0.028424715737255177
2020-02-19,0.023402195844989628
2020-02-20,0.006386006485393542
2020-02-21,0.01820238889343968
2020-02-24,0.014193867634083998
2020-02-25,0.008747453468375594
2020-02-26,0.012362931062825527
2020-02-27,0.026391739714918264
2020-02-28,0.02348063528240422
2020-03-02,0.029146115047359193
2020-03-03,0.016526752881017983
2020-03-04,0.01927432815555672
2020-03-05,0.007233137456753918
2020-03-06,0.011917079980374314
2020-03-09,0.023373039821845108
2020-03-10,0.007975963308974765
2020-03-11,0.020509663937426346
2020-03-12,0.01974491634384602
2020-03-13,0.04506081146286318
2020-03-16,0.04160963418076204
2020-03-17,0.037999208119574066
2020-03-18,0.06435818254889092
2020-03-19,0.06220984959901324
2020-03-20,0.02213275375176437
2020-03-23,0.03139293832441915
2020-03-24,0.04103671056976089
2020-03-25,0.02953766413034878
2020-03-26,0.03198587407435322
2020-03-27,0.019005699283469537
2020-03-30,0.024967931444719614
2020-03-31,0.02352093643579405
2020-04-01,0.017194851289564345
2020-04-02,0.03112117431719105
2020-04-03,0.026551113539484403
2020-04-06,0.0192819326601395
2020-04-07,0.022514831806903276
2020-04-08,0.009138066282133133
2020-04-09,0.018816074149669643
2020-04-13,0.04166512136592731
2020-04-14,0.01966757394014979
2020-04-15,0.01794799723447675
2020-04-16,0.01832454307395705
2020-04-17,0.014110497889264929
2020-04-20,0.011491388367670078
2020-04-21,0.0167113014387327
2020-04-22,0.01665898347348193
2020-04-23,0.015246490909779968
2020-04-24,0.00933983989301706
2020-04-27,0.03229041531689186
2020-04-28,0.010857751443685946
2020-04-29,0.029642839555592725
2020-04-30,0.03295828701972625
2020-05-01,0.027140711120752215
2020-05-04,0.0241224996419738
2020-05-05,0.007596081985390406
2020-05-06,0.0072832938820851165
2020-05-07,0.009653486640625463
2020-05-08,0.013435512016959774
2020-05-11,0.016313605336032707
2020-05-12,0.009525792235955082
2020-05-13,0.009924519214254877
2020-05-14,0.013371236197590269
2020-05-15,0.02515263394487185
2020-05-18,0.016250022020264356
2020-05-19,0.009595521292945436
2020-05-20,0.018122184252324813
2020-05-21,0.01395583400109016
2020-05-22,0.01064930206839293
2020-05-26,0.01692768038333802
2020-05-27,0.011844631173174587
2020-05-28,0.009157941587620462
2020-05-29,0.016021305306867413
2020-06-01,0.02473434828904381
2020-06-02,0.013138844603881207
2020-06-03,0.01822610052626302
2020-06-04,0.012423253775082414
2020-06-05,0.006890058289458068
2020-06-08,0.02425353977449937
2020-06-09,0.02248470288879142
2020-06-10,0.027533108315274158
2020-06-11,0.01293794432176225
2020-06-12,0.018096148535023723
2020-06-15,0.01497077649379942
2020-06-16,0.013414555487299563
2020-06-17,0.009028368924524561
2020-06-18,0.00954778908028408
2020-06-19,0.013892416421576985
2020-06-22,0.012748155392713564
2020-06-23,0.011063861546180378
2020-06-24,0.00914389968666623
2020-06-25,0.010027412199772661
2020-06-26,0.021653605086171358
2020-06-29,0.015203025567433847
2020-06-30,0.017703552163648106
2020-07-01,0.021049094565175286
2020-07-02,0.024534214212429635
2020-07-06,0.034557796579301976
2020-07-07,0.009625566098611218
2020-07-08,0.013799562475734526
2020-07-09,0.02012777005813954
2020-07-10,0.03423361515194632
2020-07-13,0.01107984710733083
2020-07-14,0.010528768264918527
2020-07-15,0.019787763626971495
2020-07-16,0.013972994783267212
2020-07-17,0.005651467787313667
2020-07-20,0.026736756946551563
2020-07-21,0.011183538117463242
2020-07-22,0.025747687053257386
2020-07-23,0.01177678967866953
2020-07-24,0.05791820393784575
2020-07-27,0.023901240565694322
2020-07-28,0.008321713852596724
2020-07-29,0.03779458272278109
2020-07-30,0.0098105955588058
2020-07-31,0.04576787121305254
2020-08-03,0.022658841750952306
2020-08-04,0.02942862577458264
2020-08-05,0.006892064058781261
2020-08-06,0.01983887600901093
2020-08-07,0.0103846213542862
2020-08-10,0.013792257370037843
2020-08-11,0.01557910687823496
2020-08-12,0.033542543296423956
2020-08-13,0.01552205624904823
2020-08-14,0.008306738345550516
2020-08-17,0.03477924580232532
2020-08-18,0.01680542507610568
2020-08-19,0.00519869063964808
2020-08-20,0.020871413447909947
2020-08-21,0.020410887953975422
2020-08-24,0.010313336741401244
2020-08-25,0.01369633657352956
2020-08-26,0.026530498254317924
2020-08-27,0.021931286931167162
2020-08-28,0.013902698436487752
2020-08-31,0.04156371035166994
2020-09-01,0.023833640970683634
2020-09-02,0.03185126750159704
2020-09-03,0.018913953575740657
2020-09-04,0.021717800766184424
2020-09-08,0.050240212923716096
2020-09-09,0.027196575719072823
2020-09-10,0.014900523741752589
2020-09-11,0.011903265831111393
2020-09-14,0.03796760060320517
2020-09-15,0.01859803837229971
2020-09-16,0.010555957764530922
2020-09-17,0.015439496644659795
2020-09-18,0.020187722186905604
2020-09-21,0.0199037925980299
2020-09-22,0.027620118891267767
2020-09-23,0.02294939946182296
2020-09-24,0.005745420842103353
2020-09-25,0.015013692504052245
2020-09-28,0.009158241670570354
2020-09-29,0.013151644373707127
2020-09-30,0.011430917389777345
2020-10-01,0.012556734222590118
2020-10-02,0.013863734984479566
2020-10-05,0.010987182816566266
2020-10-06,0.01198915123440547
2020-10-07,0.009963287265024724
2020-10-08,0.010102058398852408
2020-10-09,0.01934269910981089
2020-10-12,0.015490808694456529
2020-10-13,0.01101950988581748
2020-10-14,0.014732649165895732
2020-10-15,0.009576532186222423
2020-10-16,0.009082806656931688
2020-10-19,0.008018878251220418
2020-10-20,0.011602123909086284
2020-10-21,0.01877391855900288
2020-10-22,0.009198179987719834
2020-10-23,0.01339880485915559
2020-10-26,0.014773816391915929
2020-10-27,0.018854863212196045
2020-10-28,0.014101188961231748
2020-10-29,0.011496166254530555
2020-10-30,0.02916096847216759
2020-11-02,0.011979779185636068
2020-11-03,0.014004484602128057
2020-11-04,0.024033499963821522
2020-11-05,0.010542239306206758
2020-11-06,0.016060344285931814
2020-11-09,0.021287302535377698
2020-11-10,0.018371606669564222
2020-11-11,0.013986491380860028
2020-11-12,0.006927674377582876
2020-11-13,0.00980943879803634
2020-11-16,0.010706143827818801
2020-11-17,0.027178226715855028
2020-11-18,0.03341371999717495
2020-11-19,0.011314165932744091
2020-11-20,0.00755061577550957
2020-11-23,0.02302995436421326
2020-11-24,0.021369057115039714
2020-11-25,0.013125187398890806
2020-11-27,0.009256330741544203
2020-11-30,0.024520911854818108
2020-12-01,0.01247310393981556
2020-12-02,0.011687905123276858
2020-12-03,0.016519109973568362
2020-12-04,0.014507111581074351
2020-12-07,0.02126814533013295
2020-12-08,0.009500602676460563
2020-12-09,0.015024249355085492
2020-12-10,0.014547240244015708
2020-12-11,0.011086779379913292
2020-12-14,0.01777775045859252
2020-12-15,0.017581919565294066
2020-12-16,0.01294270982505434
2020-12-17,0.016694326205180555
2020-12-18,0.02204200947689619
2020-12-21,0.02286210273053215
2020-12-22,0.013235913968117526
2020-12-23,0.009736346496567192
2020-12-24,0.008921782447701298
2020-12-28,0.017560016942584387
2020-12-29,0.007871504457941658
2020-12-30,0.01887602921684616
2020-12-31,0.0081285247443807
2021-01-04,0.02102906037985607
2021-01-05,0.0058680770441405595
2021-01-06,0.022120230732989892
2021-01-07,0.020017306836230115
2021-01-08,0.023746575329455
2021-01-11,0.030928519158451604
2021-01-12,0.01920867279223823
2021-01-13,0.014249407148838487
2021-01-14,0.02480299315818346
2021-01-15,0.015718422855000885
2021-01-19,0.01305882912446804
2021-01-20,0.02103246889535882
2021-01-21,0.015827590553561116
2021-01-22,0.010206894197262804
2021-01-25,0.014121968179190801
2021-01-26,0.014729997064730382
2021-01-27,0.01886730377602655
2021-01-28,0.026168662237765535
2021-01-29,0.014119179307450729
2021-02-01,0.013104186246624553
2021-02-02,0.011616245228748458
2021-02-03,0.02778463644398808
2021-02-04,0.010714924353479524
2021-02-05,0.007664377759681232
2021-02-08,0.022216660215673395
2021-02-09,0.007928444327534189
2021-02-10,0.02127210621067743
2021-02-11,0.017870245060129814
2021-02-12,0.009282442739981382
2021-02-16,0.01569825525848159
2021-02-17,0.01366617150230548
2021-02-18,0.00677291291372514
2021-02-19,0.016999066347924727
2021-02-22,0.020774571371306134
2021-02-23,0.011289760723865436
2021-02-24,0.021319057712138646
2021-02-25,0.019505123050550827
2021-02-26,0.012164861987228928
2021-03-01,0.01623586473361765
2021-03-02,0.011538284955225143
2021-03-03,0.009839459754373477
2021-03-04,0.024877153555212667
2021-03-05,0.019861749989365872
2021-03-08,0.017640807143898762
2021-03-09,0.04834220542259476
2021-03-10,0.008727832544540818
2021-03-11,0.011359768891266405
2021-03-12,0.00645868335162129
2021-03-15,0.01386390208923643
2021-03-16,0.01727211157338811
2021-03-17,0.012538861417097123
2021-03-18,0.013861937716565355
2021-03-19,0.013579368275261431
2021-03-22,0.014180000754592295
2021-03-23,0.013628596167717508
2021-03-24,0.020950370907128882
2021-03-25,0.010221392337323585
2021-03-26,0.02861969020272554
2021-03-29,0.01595696990890129
2021-03-30,0.01786880386682022
2021-03-31,0.012323165089837617
2021-04-01,0.014372531431586465
2021-04-05,0.013363338070010621
2021-04-06,0.0067411621149013265
2021-04-07,0.014922858756794102
2021-04-08,0.006822037560256011
2021-04-09,0.01108339153374863
2021-04-12,0.02750655792917004
2021-04-13,0.02602612170787513
2021-04-14,0.011174519975497326
2021-04-15,0.017564490200649013
2021-04-16,0.006379868608986139
2021-04-19,0.014590897207314022
2021-04-20,0.00888486733672759
2021-04-21,0.01965494996236078
2021-04-22,0.009128632469821296
2021-04-23,0.0109222683702826
2021-04-26,0.009670787357622286
2021-04-27,0.013733302441706272
2021-04-28,0.01659753241874761
2021-04-29,0.02453193343377048
2021-04-30,0.021497251764734
2021-05-03,0.015814831639519203
2021-05-04,0.011818180344042705
2021-05-05,0.009580824797779051
2021-05-06,0.007545421594548439
2021-05-07,0.008294989713174297
2021-05-10,0.012205801869240708
2021-05-11,0.009337909419958415
2021-05-12,0.010247547797831455
2021-05-13,0.019053599006299146
2021-05-14,0.008352348716442377
2021-05-17,0.010546844358066961
2021-05-18,0.005488594469261853
2021-05-19,0.0133329597927483
2021-05-20,0.010909986574563282
2021-05-21,0.011342257728004453
2021-05-24,0.01217400359768848
2021-05-25,0.0063654267796583374
2021-05-26,0.008190252295418686
2021-05-27,0.01203741028779561
2021-05-28,0.017396908490445423
2021-06-01,0.0062170491121363155
2021-06-02,0.014846841066054326
2021-06-03,0.015385248036739855
2021-06-04,0.010742153608618226
2021-06-07,0.011015008300109982
2021-06-08,0.008626970506172862
2021-06-09,0.006218123291315189
2021-06-10,0.009355481096926833
2021-06-11,0.007933868684515897
2021-06-14,0.0057836853481876924
2021-06-15,0.007961296962161779
2021-06-16,0.008107478763652358
2021-06-17,0.016836890867457478
2021-06-18,0.014198854085753297
2021-06-21,0.013010106529031487
2021-06-22,0.007383503716539861
2021-06-23,0.016005266379649816
2021-06-24,0.014020492201494126
2021-06-25,0.005265350325886669
2021-06-28,0.013989286225130185
2021-06-29,0.011143210542902585
2021-06-30,0.017076599410669
2021-07-01,0.011136688422902934
2021-07-02,0.00956822615528469
2021-07-06,0.01819740314343593
2021-07-07,0.016837913775966214
2021-07-08,0.011773860936914968
2021-07-09,0.008650467184025472
2021-07-12,0.01438748259609145
2021-07-13,0.010326999793622537
2021-07-14,0.014504253134537425
2021-07-15,0.012286912075497172
2021-07-16,0.01165824647523124
2021-07-19,0.01603232627462321
2021-07-20,0.00964543270406855
2021-07-21,0.0193045191047062
2021-07-22,0.01006198082533143
2021-07-23,0.017406453059860928
2021-07-26,0.00942772795534348
2021-07-27,0.004871277937157689
2021-07-28,0.023306579786017235
2021-07-29,0.02503198646788057
2021-07-30,0.026378835429033052
2021-08-02,0.01264869039681982
2021-08-03,0.010171758881263883
2021-08-04,0.01805504652643009
2021-08-05,0.019021677873361318
2021-08-06,0.007697703982652449
2021-08-09,0.010747303579521247
2021-08-10,0.005515749533694552
2021-08-11,0.006121445790689994
2021-08-12,0.011415800204155462
2021-08-13,0.011881476917587433
2021-08-16,0.017065472231270782
2021-08-17,0.009146412726185752
2021-08-18,0.018270728679113463
2021-08-19,0.015571325895945674
2021-08-20,0.013895200199736314
2021-08-23,0.01563754357732619
2021-08-24,0.007319828220709464
2021-08-25,0.00727477741870252
2021-08-26,0.0068782055835450075
2021-08-27,0.010130298274361443
2021-08-30,0.01088335818612754
2021-08-31,0.007733691199714616
2021-09-01,0.005638139198756558
2021-09-02,0.010614930649117215
2021-09-03,0.006349376796193904
2021-09-07,0.010858546729585666
2021-09-08,0.00899771908207274
2021-09-09,0.005079636675592259
2021-09-10,0.015033612635046073
2021-09-13,0.008422138824404667
2021-09-14,0.007400508453973631
2021-09-15,0.0076813774467255035
2021-09-16,0.0036824126486563135
2021-09-17,0.009725955503337508
2021-09-20,0.007218206180585029
2021-09-21,0.0061929219581127425
2021-09-22,0.018115426108512384
2021-09-23,0.006772442711456341
2021-09-24,0.012935602386918557
2021-09-27,0.0174864236522924
2021-09-28,0.015017554339743317
2021-09-29,0.012267792414785435
2021-09-30,0.010472543095495036
2021-10-01,0.009962166991808841
2021-10-04,0.015695892835557175
2021-10-05,0.009642760713211549
2021-10-06,0.006032305572353254
2021-10-07,0.010049939046685418
2021-10-08,0.00781487197603528
2021-10-11,0.006387938806889924
2021-10-12,0.009829616779375532
2021-10-13,0.012328897242381651
2021-10-14,0.012140983923169955
2021-10-15,0.012758192450885554
2021-10-18,0.013297148174378036
2021-10-19,0.007856525516709055
2021-10-20,0.012571039237193275
2021-10-21,0.011504619971639738
2021-10-22,0.020954576086260873
2021-10-25,0.038423004793646756
2021-10-26,0.025030839788830514
2021-10-27,0.022589867928802035
2021-10-28,0.012930821827970196
2021-10-29,0.018203873581706432
2021-11-01,0.03180296467759141
2021-11-02,0.014781868151222854
2021-11-03,0.009679662101613244
2021-11-04,0.03432699262605796
2021-11-05,0.009056215156032128
2021-11-08,0.03687120220803585
2021-11-09,0.03729503973515242
2021-11-10,0.025547446604555234
2021-11-11,0.015685092941063742
2021-11-12,0.01656618642683646
2021-11-15,0.010400991205362283
2021-11-16,0.016856559292356195
2021-11-17,0.015622764816909116
2021-11-18,0.023697545871568096
2021-11-19,0.020042277647424663
2021-11-22,0.01572451298459383
2021-11-23,0.01316263869259262
2021-11-24,0.01661457576518897
2021-11-26,0.005102773034479577
2021-11-29,0.015124067213370979
2021-11-30,0.01925407054663899
2021-12-01,0.023821329205997447
2021-12-02,0.011243498015297872
2021-12-03,0.021127375857591477
2021-12-06,0.02060625578500248
2021-12-07,0.018344062032957728
2021-12-08,0.012707999394686519
2021-12-09,0.021422099931814556
2021-12-10,0.026137161861915333
2021-12-13,0.021437523122675974
2021-12-14,0.011763742097187288
2021-12-15,0.022236239246834346
2021-12-16,0.016218645612344724
2021-12-17,0.012074802372197253
2021-12-20,0.013883356174690345
2021-12-21,0.016499900937827362
2021-12-22,0.021898265922843194
2021-12-23,0.015696018481616558
2021-12-27,0.01755790755702954
2021-12-28,0.006437519182215962
2021-12-29,0.010164092105627355
2021-12-30,0.007043816984489762
2021-12-31,0.006280047699466745
2022-01-03,0.03960489310677081
2022-01-04,0.015782999262896127
2022-01-05,0.012197908356394522
2022-01-06,0.016245607894759793
2022-01-07,0.015174403244908877
2022-01-10,0.016560703847049312
2022-01-11,0.011788513015330036
2022-01-12,0.012030651629400145
2022-01-13,0.01660393496725383
2022-01-14,0.009243306287161815
2022-01-18,0.009825312983645149
2022-01-19,0.013257738759946833
2022-01-20,0.01802690988577868
2022-01-21,0.01554672512088713
2022-01-24,0.012776291232847927
2022-01-25,0.014867246984530088
2022-01-26,0.01777434069136766
2022-01-27,0.038353086819373786
2022-01-28,0.014664052036322442
2022-01-31,0.02960983838092872
2022-02-01,0.009661908093636639
2022-02-02,0.026983155545219753
2022-02-03,0.07011503182945009
2022-02-04,0.038979086330477135
2022-02-07,0.01830919951172264
2022-02-08,0.014742757567667882
2022-02-09,0.02008499962700817
2022-02-10,0.010621392721688218
2022-02-11,0.02333852548439896
2022-02-14,0.007935246343197658
2022-02-15,0.026406541929191785
2022-02-16,0.012936588358245302
2022-02-17,0.01622622593854812
2022-02-18,0.012422849097545699
2022-02-22,0.014159466554617495
2022-02-23,0.017328097768608986
2022-02-24,0.013667295308064568
2022-02-25,0.0076805591159717
2022-02-28,0.022737571386139705
2022-03-01,0.02121703986132387
2022-03-02,0.011288646190517101
2022-03-03,0.016234707851443715
2022-03-04,0.0216844213885602
2022-03-07,0.013176777326199752
2022-03-08,0.013518168174372
2022-03-09,0.016645532020977873
2022-03-10,0.024895791860463586
2022-03-11,0.011419518037424081
2022-03-14,0.009810656774249546
2022-03-15,0.016321160337836208
2022-03-16,0.02038322696222851
2022-03-17,0.01808005942701556
2022-03-18,0.016522154956996354
2022-03-21,0.012429329810751103
2022-03-22,0.023529730082343582
2022-03-23,0.013671578368105026
2022-03-24,0.026531742811912985
2022-03-25,0.007325570978508733
2022-03-28,0.022562604845862654
2022-03-29,0.008102412867933199
2022-03-30,0.012680661032284438
2022-03-31,0.020569840804533383
2022-04-01,0.010236043911759776
2022-04-04,0.012475743916748081
2022-04-05,0.015663550830441655
2022-04-06,0.011627954217879266
2022-04-07,0.005661651249445295
2022-04-08,0.010821005741807384
2022-04-11,0.012436247734889236
2022-04-12,0.011489425926127709
2022-04-13,0.009915837192558582
2022-04-14,0.00818620872343119
2022-04-18,0.008646552456012096
2022-04-19,0.006930307451175794
2022-04-20,0.028934951069216033
2022-04-21,0.026706980274369813
2022-04-22,0.01028302525013463
2022-04-25,0.01391301757705802
2022-04-26,0.025244255108018986
2022-04-27,0.022365640120516818
2022-04-28,0.04530833681866313
2022-04-29,0.033513492311575487
2022-05-02,0.01897730311859012
2022-05-03,0.006309273731808022
2022-05-04,0.01910394709406369
2022-05-05,0.01479694322787069
2022-05-06,0.011203449417994003
2022-05-09,0.02634142236108551
2022-05-10,0.010750841549292959
2022-05-11,0.023645384474234834
2022-05-12,0.015076410763154042
2022-05-13,0.02454168187942193
2022-05-16,0.017189950234176073
2022-05-17,0.021283735364503818
2022-05-18,0.01030636798927106
2022-05-19,0.015065685409421613
2022-05-20,0.022757293777199882
2022-05-23,0.020178854612703467
2022-05-24,0.024201605992705037
2022-05-25,0.01748887406254937
2022-05-26,0.019507470638832878
2022-05-27,0.015040487149917936
2022-05-31,0.015737925721193133
2022-06-01,0.01248981070807465
2022-06-02,0.022524449502603645
2022-06-03,0.020770867919073885
2022-06-06,0.010329738398739961
2022-06-07,0.00981095500692481
2022-06-08,0.012538770260768651
2022-06-09,0.015379526360043414
2022-06-10,0.010036967560097917
2022-06-13,0.015208386413007936
2022-06-14,0.00973517099381258
2022-06-15,0.013563222545618201
2022-06-16,0.019429878429859933
2022-06-17,0.008208544880152449
2022-06-21,0.031275566974855305
2022-06-22,0.006938854396814218
2022-06-23,0.015247617256275244
2022-06-24,0.015110195311762768
2022-06-27,0.008146152674255412
2022-06-28,0.014701086535832466
2022-06-29,0.01895184266240818
2022-06-30,0.005162954476420561
2022-07-01,0.028181531486794503
2022-07-05,0.024594791072751924
2022-07-06,0.007309118208191265
2022-07-07,0.017147761020497684
2022-07-08,0.008847459199122755
2022-07-11,0.014955985895250984
2022-07-12,0.013274850108669837
2022-07-13,0.013521381186897993
2022-07-14,0.016122074352227737
2022-07-15,0.011994424896647187
2022-07-18,0.01374976197293393
2022-07-19,0.01305563115071832
2022-07-20,0.017010163985051195
2022-07-21,0.02831021084014957
2022-07-22,0.02303806353027656
2022-07-25,0.007509668085062113
2022-07-26,0.014348745653979757
2022-07-27,0.015396410972415255
2022-07-28,0.02190754712894129
2022-07-29,0.031051967372499337
2022-08-01,0.010605960195924816
2022-08-02,0.0129088127782835
2022-08-03,0.016283366058102565
2022-08-04,0.016709262180779835
2022-08-05,0.018262869356609212
2022-08-08,0.020669215223287064
2022-08-09,0.020543087261749842
2022-08-10,0.011924812548561184
2022-08-11,0.006746300647124996
2022-08-12,0.009695532466009064
2022-08-15,0.009736556063864081
2022-08-16,0.007132422309979325
2022-08-17,0.011038960437113415
2022-08-18,0.013520776870028211
2022-08-19,0.011715747819934943
2022-08-22,0.008044133539197775
2022-08-23,0.009382933534875595
2022-08-24,0.004176312929483811
2022-08-25,0.014549697333614742
2022-08-26,0.01698061512452701
2022-08-29,0.007425475907576223
2022-08-30,0.005926738418279429
2022-08-31,0.01619140900191791
2022-09-01,0.028101710501496433
2022-09-02,0.013217592637611042
2022-09-06,0.009698751554327334
2022-09-07,0.007538747229643552
2022-09-08,0.014191358173580625
2022-09-09,0.008079381806511129
2022-09-12,0.012969901166852723
2022-09-13,0.018497354909675894
2022-09-14,0.011706970176022615
2022-09-15,0.008422491220805564
2022-09-16,0.012241888176236988
2022-09-19,0.008190444661288288
2022-09-20,0.010793602465389376
2022-09-21,0.01018826435623172
2022-09-22,0.025514467635956845
2022-09-23,0.011242742176153514
2022-09-26,0.012737666811457537
2022-09-27,0.011457439663769822
2022-09-28,0.01664473620648869
2022-09-29,0.015833528932644583
2022-09-30,0.007947053793110994
2022-10-03,0.03615707465291192
2022-10-04,0.017564358996804915
2022-10-05,0.012566188211549315
2022-10-06,0.004978524092363588
2022-10-07,0.030419835584843697
2022-10-10,0.017258189515253763
2022-10-11,0.015679957992188284
2022-10-12,0.005083653034478268
2022-10-13,0.012273000885118207
2022-10-14,0.018271510000357864
2022-10-17,0.017225658228691966
2022-10-18,0.008871413760225034
2022-10-19,0.020935912425498176
2022-10-20,0.024348380574359074
2022-10-21,0.01800642829024645
2022-10-24,0.011442789728922651
2022-10-25,0.019930428771229032
2022-10-26,0.032596455607473686
2022-10-27,0.07121074115867627
2022-10-28,0.037190806091321624
2022-10-31,0.01610972873196617
2022-11-01,0.02264552816901184
2022-11-02,0.014063924924933583
2022-11-03,0.021807509381567936
2022-11-04,0.028605929640244027
2022-11-07,0.028087755198413018
2022-11-08,0.018161057818931594
2022-11-09,0.03255669219310093
2022-11-10,0.028470985266016522
2022-11-11,0.013002619745393849
2022-11-14,0.013449808536151084
2022-11-15,0.011812428127049478
2022-11-16,0.018160908288579008
2022-11-17,0.015344543850892716
2022-11-18,0.008717004938917949
2022-11-21,0.01919282739290303
2022-11-22,0.012374734007664078
2022-11-23,0.021008340750349408
2022-11-25,0.006607871839749469
2022-11-28,0.01110961945471276
2022-11-29,0.008081415560668144
2022-11-30,0.012640805047411684
2022-12-01,0.008199216319683032
2022-12-02,0.014547984496532222
2022-12-05,0.016409817453446118
2022-12-06,0.016952782891489625
2022-12-07,0.013360706163389446
2022-12-08,0.020060681503110557
2022-12-09,0.01760725868710456
2022-12-12,0.027097074110670784
2022-12-13,0.022150738263768427
2022-12-14,0.014754720905939782
2022-12-15,0.014924331977354372
2022-12-16,0.018001446227006695
2022-12-19,0.011785056283241209
2022-12-20,0.026482048044681697
2022-12-21,0.012158501445136286
2022-12-22,0.02335769598653897
2022-12-23,0.01093010113379699
2022-12-27,0.0337071896185587
2022-12-28,0.015469355832380058
2022-12-29,0.015634129683604406
2022-12-30,0.005193250700808142
2023-01-03,0.04165108920152774
2023-01-04,0.026307423676274626
2023-01-05,0.01095763343989618
2023-01-06,0.015551800044498474
2023-01-09,0.025907261189377175
2023-01-10,0.011629447951643355
2023-01-11,0.0172646894760898
2023-01-12,0.012241818109285435
2023-01-13,0.011483782528772678
2023-01-17,0.027626694930106565
2023-01-18,0.00656432313377367
2023-01-19,0.021304206831628637
2023-01-20,0.015055993288064687
2023-01-23,0.03016888790280172
2023-01-24,0.010798613758251157
2023-01-25,0.011103360547003617
2023-01-26,0.029050997577236864
2023-01-27,0.03568260193832038
2023-01-30,0.01625629250051435
2023-01-31,0.010516131808960235
2023-02-01,0.033775581837690964
2023-02-02,0.06148988216604511
2023-02-03,0.026913003164248266
2023-02-06,0.015242196004554514
2023-02-07,0.015253693082448274
2023-02-08,0.025238445342013863
2023-02-09,0.019684698098317428
2023-02-10,0.01744676957954837
2023-02-13,0.012492319477707174
2023-02-14,0.02591316767295992
2023-02-15,0.013538882540863809
2023-02-16,0.01615251617199602
2023-02-17,0.01510192612120063
2023-02-21,0.011554989505259733
2023-02-22,0.0086818624625743
2023-02-23,0.04106436886411343
2023-02-24,0.006294321016784418
2023-02-27,0.01569570330618403
2023-02-28,0.014305683875089166
2023-03-01,0.008752352148229798
2023-03-02,0.02353221981477558
2023-03-03,0.016589186993484672
2023-03-06,0.013964913818701942
2023-03-07,0.010841539846309933
2023-03-08,0.01972416847341654
2023-03-09,0.011407344222027523
2023-03-10,0.006509916520206104
2023-03-13,0.008601347366399916
2023-03-14,0.01863369425724709
2023-03-15,0.016798711778719982
2023-03-16,0.017254175954091112
2023-03-17,0.017690358370715826
2023-03-20,0.015344946949712862
2023-03-21,0.02518708058440952
2023-03-22,0.013371823631675528
2023-03-23,0.011248323214591464
2023-03-24,0.012462635040329136
2023-03-27,0.009100977345470457
2023-03-28,0.005546402359191397
2023-03-29,0.010114130623890967
2023-03-30,0.007797526464601487
2023-03-31,0.01645475460576758
2023-04-03,0.019539950994101468
2023-04-04,0.010258573610088247
2023-04-05,0.011335578189854499
2023-04-06,0.015380700500678978
2023-04-10,0.015480153793269688
2023-04-11,0.009813032049424603
2023-04-12,0.011219160365247638
2023-04-13,0.015250514157626403
2023-04-14,0.007717531015263392
2023-04-17,0.017614967878875183
2023-04-18,0.01106824484218064
2023-04-19,0.014116887118246903
2023-04-20,0.03078042253028209
2023-04-21,0.012793023730812187
2023-04-24,0.0069854476964704305
2023-04-25,0.010227007323663169
2023-04-26,0.028403531166954814
2023-04-27,0.03693715324348807
2023-04-28,0.01774184468801535
2023-05-01,0.018766604290161408
2023-05-02,0.014776841624113236
2023-05-03,0.027225701915965555
2023-05-04,0.02048964075048689
2023-05-05,0.01737574509137689
2023-05-08,0.01767992834115598
2023-05-09,0.009115497358994484
2023-05-10,0.013409379660483377
2023-05-11,0.016690997781874956
2023-05-12,0.009861099522475526
2023-05-15,0.012952710291124422
2023-05-16,0.014310376453372289
2023-05-17,0.011627664001522616
2023-05-18,0.012369661183559285
2023-05-19,0.010606420600652467
2023-05-22,0.016831013156832615
2023-05-23,0.011011407875407544
2023-05-24,0.011393392498209164
2023-05-25,0.07240150945191628
2023-05-26,0.02865034094324426
2023-05-30,0.017812393092853266
2023-05-31,0.023968452175853094
2023-06-01,0.017656919246098895
2023-06-02,0.014195190560644782
2023-06-05,0.009384107707559805
2023-06-06,0.0191827587613627
2023-06-07,0.020798163558510697
2023-06-08,0.013635782057705452
2023-06-09,0.014995916244430115
2023-06-12,0.014117471046878933
2023-06-13,0.020189453064961175
2023-06-14,0.017845158496663883
2023-06-15,0.016821333281476752
2023-06-16,0.013454623401150521
2023-06-20,0.018963090622814018
2023-06-21,0.017528454879055244
2023-06-22,0.015155894700512098
2023-06-23,0.01278909405044525
2023-06-26,0.01917983683898483
2023-06-27,0.011550948418025755
2023-06-28,0.011498624785833139
2023-06-29,0.008968631072846761
2023-06-30,0.009839074881881085
2023-07-03,0.021378977358741117
2023-07-05,0.01629831431193435
2023-07-06,0.00978394499419419
2023-07-07,0.006920267642328384
2023-07-10,0.01960066662050109
2023-07-11,0.009416026538127712
2023-07-12,0.01065866859557524
2023-07-13,0.015769943790261157
2023-07-14,0.0083404511029873
2023-07-17,0.013484885562659364
2023-07-18,0.014376103727369865
2023-07-19,0.019137793022465432
2023-07-20,0.024241270782648545
2023-07-21,0.01576266429134369
2023-07-24,0.013071065254171411
2023-07-25,0.010949599205075098
2023-07-26,0.025320172750872606
2023-07-27,0.02212808975052071
2023-07-28,0.011678389413604013
2023-07-31,0.009056030552052044
2023-08-01,0.015792043115531222
2023-08-02,0.01484323589591799
2023-08-03,0.013063598926586205
2023-08-04,0.03195270354087055
2023-08-07,0.013485295581062266
2023-08-08,0.009599527329156823
2023-08-09,0.012148919196364698
2023-08-10,0.006041774517522789
2023-08-11,0.011947189126996683
2023-08-14,0.02170549778391072
2023-08-15,0.008825824944898968
2023-08-16,0.011301854069752747
2023-08-17,0.012292515530658556
2023-08-18,0.01052427541115239
2023-08-21,0.02672153581682196
2023-08-22,0.012602283564015299
2023-08-23,0.007845590443334431
2023-08-24,0.017177236148506858
2023-08-25,0.014772854709366593
2023-08-28,0.006295638706283247
2023-08-29,0.018064203412213868
2023-08-30,0.007314241498316057
2023-08-31,0.013249749706336763
2023-09-01,0.025859455945940257
2023-09-05,0.014454152841241118
2023-09-06,0.012352420738536873
2023-09-07,0.017334149972185468
2023-09-08,0.009260870500328217
2023-09-11,0.031553968103237455
2023-09-12,0.006495605390817545
2023-09-13,0.010461783568196593
2023-09-14,0.009612828579431822
2023-09-15,0.015155159479766747
2023-09-18,0.012624920198641197
2023-09-19,0.007656518951954015
2023-09-20,0.007179099708298416
2023-09-21,0.012809735742549287
2023-09-22,0.017270245877547157
2023-09-25,0.005324272623957516
2023-09-26,0.009340576540994395
2023-09-27,0.010855951704185986
2023-09-28,0.013382594168161165
2023-09-29,0.009092657471989889
2023-10-02,0.011665618958064772
2023-10-03,0.008060373144732739
2023-10-04,0.015609865577163679
2023-10-05,0.00832023270111072
2023-10-06,0.010590510941463668
2023-10-09,0.007939041253461038
2023-10-10,0.008606485015868796
2023-10-11,0.009228733591547448
2023-10-12,0.014399242656170907
2023-10-13,0.00881128909613027
2023-10-16,0.006645693291281563
2023-10-17,0.015989680980768008
2023-10-18,0.016125432284688667
2023-10-19,0.028309922973717646
2023-10-20,0.007978071236922301
2023-10-23,0.013573395267413893
2023-10-24,0.008825689430089947
2023-10-25,0.0310396391927611
2023-10-26,0.013791565677716963
2023-10-27,0.02004926954427047
2023-10-30,0.02231925496977216
2023-10-31,0.010345093292924355
2023-11-01,0.023007794051206468
2023-11-02,0.019267859978329784
2023-11-03,0.013227989088702147
2023-11-06,0.008078433436818322
2023-11-07,0.006845096795399408
2023-11-08,0.005608776549824939
2023-11-09,0.016583275969289876
2023-11-10,0.01129543210446394
2023-11-13,0.015721299059999357
2023-11-14,0.013979700037868893
2023-11-15,0.012229905574935295
2023-11-16,0.016673482414784987
2023-11-17,0.010661108207197088
2023-11-20,0.005981687578547628
2023-11-21,0.012350113908654238
2023-11-22,0.017708134084108734
2023-11-24,0.0087318541417305
2023-11-27,0.010518982837720318
2023-11-28,0.016635697933277214
2023-11-29,0.012470412643492784
2023-11-30,0.009890839880939717
2023-12-01,0.007175850372020248
2023-12-04,0.006959094547228339
2023-12-05,0.011068065829742945
2023-12-06,0.006952581962689028
2023-12-07,0.02682379029366907
2023-12-08,0.010922100691147928
2023-12-11,0.034623696532729224
2023-12-12,0.014975778709324141
2023-12-13,0.006962311691861419
2023-12-14,0.019580842840582865
2023-12-15,0.0071898152057990015
2023-12-18,0.015781431223900164
2023-12-19,0.008419679037809723
2023-12-20,0.01536219075018878
2023-12-21,0.01108427753436237
2023-12-22,0.004208673978462613
2023-12-26,0.00906988255892887
2023-12-27,0.00868022575771212
2023-12-28,0.011881672692663377
2023-12-29,0.005873560795025843
2024-01-02,0.01800869863171395
2024-01-03,0.012724215002937333
2024-01-04,0.010809975956132813
2024-01-05,0.009334134065384714
2024-01-08,0.015892807613212642
2024-01-09,0.012860856399206708
2024-01-10,0.012971327662308792
2024-01-11,0.011796686341570998
2024-01-12,0.013400672165177974
2024-01-16,0.028379004001990057
2024-01-17,0.008362864211138616
2024-01-18,0.01671166404537584
2024-01-19,0.021675041290508547
2024-01-22,0.013532854331531072
2024-01-23,0.0038440535360604604
2024-01-24,0.028026582995003636
2024-01-25,0.04011127745457192
2024-01-26,0.010299882546019046
2024-01-29,0.011654043722582665
2024-01-30,0.010856283590544339
2024-01-31,0.018485505506941276
2024-02-01,0.006621446609137905
2024-02-02,0.06012482311030555
2024-02-05,0.02498778556241363
2024-02-06,0.015724502468038165
2024-02-07,0.00954214194488123
2024-02-08,0.008190958880253202
2024-02-09,0.011685343804076287
2024-02-12,0.00918513245908593
2024-02-13,0.008348229933181477
2024-02-14,0.01289258261605511
2024-02-15,0.023140368861002018
2024-02-16,0.007569640382786106
2024-02-20,0.016795242076605918
2024-02-21,0.010743309399453326
2024-02-22,0.046958855585311786
2024-02-23,0.01136598888690476
2024-02-26,0.020028677341596083
2024-02-27,0.007862527166636574
2024-02-28,0.007795004251755196
2024-02-29,0.025020825228923838
2024-03-01,0.0271730915109658
2024-03-04,0.028351795548825415
2024-03-05,0.01599576913565651
2024-03-06,0.01936692645661036
2024-03-07,0.015980925149961602
2024-03-08,0.02633693877857034
2024-03-11,0.02158327817674537
2024-03-12,0.02096376395411307
2024-03-13,0.017338512226205433
2024-03-14,0.023955126836607603
2024-03-15,0.014097642248475265
2024-03-18,0.02168339496972015
2024-03-19,0.01770700793256745
2024-03-20,0.010994911811061664
2024-03-21,0.024736552085949607
2024-03-22,0.012375201700912067
2024-03-25,0.007797474237069471
2024-03-26,0.013783098773667644
2024-03-27,0.012177551149756558
2024-03-28,0.009110758130042727
2024-04-01,0.01168053337418999
2024-04-02,0.015949252715688676
2024-04-03,0.0079168916991148
2024-04-04,0.026542398223351565
2024-04-05,0.019066214620518024
2024-04-08,0.017225247614972683
2024-04-09,0.01057559243332798
2024-04-10,0.013207443691123363
2024-04-11,0.013308561688538546
2024-04-12,0.013267061144078985
2024-04-15,0.012414732697665484
2024-04-16,0.01574499099103494
2024-04-17,0.023951412636119114
2024-04-18,0.015433219389753821
2024-04-19,0.025824487880129775
2024-04-22,0.0184055297860442
2024-04-23,0.009349915930586246
2024-04-24,0.039647080314489026
2024-04-25,0.042289602943194886
2024-04-26,0.03170583130743829
2024-04-29,0.04994539310569005
2024-04-30,0.014344637747682474
2024-05-01,0.0335949839089102
2024-05-02,0.012027541964780262
2024-05-03,0.01609693211279852
2024-05-06,0.01337969938562278
2024-05-07,0.014313534588480944
2024-05-08,0.009380011033293759
2024-05-09,0.010341397629170279
2024-05-10,0.013338502346239641
2024-05-13,0.011746379723640725
2024-05-14,0.011292478884730563
2024-05-15,0.019198748547247617
2024-05-16,0.01202251949316019
2024-05-17,0.010764122859293285
2024-05-20,0.012148341269544177
2024-05-21,0.022273870864384586
2024-05-22,0.01182694369204458
2024-05-23,0.03485292052743466
2024-05-24,0.011665403572322866
2024-05-28,0.023393917419021047
2024-05-29,0.014594675641332095
2024-05-30,0.01786243413405118
2024-05-31,0.009087591655660022
2024-06-03,0.018325354209125722
2024-06-04,0.010305544825959795
2024-06-05,0.02863174388936581
2024-06-06,0.010827827204295714
2024-06-07,0.009369066166009079
2024-06-10,0.02119175350715222
2024-06-11,0.023930161669316913
2024-06-12,0.014180537830809987
2024-06-13,0.040170186581484364
2024-06-14,0.016549814316543673
2024-06-17,0.021168299538792103
2024-06-18,0.017011710132888807
2024-06-20,0.02520897309017439
2024-06-21,0.019611864857107166
2024-06-24,0.022808076164087483
2024-06-25,0.020290133173631188
2024-06-26,0.019539828545416818
2024-06-27,0.011253420342695594
2024-06-28,0.01497815539221702
2024-07-01,0.02193038487325384
2024-07-02,0.029925577192715644
2024-07-03,0.02429436339880324
2024-07-05,0.023822056618641743
2024-07-08,0.01667402394755689
2024-07-09,0.01602142299203945
2024-07-10,0.012697173709780582
2024-07-11,0.020143639487978014
2024-07-12,0.015530336790246872
2024-07-15,0.011709667192099467
2024-07-16,0.01007043539988208
2024-07-17,0.037361002197312136
2024-07-18,0.020913826746178563
2024-07-19,0.015162347687694443
2024-07-22,0.019265947918710752
2024-07-23,0.012618269028172287
2024-07-24,0.02634075892658138
2024-07-25,0.016123156881460817
2024-07-26,0.010526571180519336
2024-07-29,0.01987088211380738
2024-07-30,0.023813657831591842
2024-07-31,0.045857061052899745
2024-08-01,0.04193245006811632
2024-08-02,0.0309995971599509
2024-08-05,0.025331387048718398
2024-08-06,0.02154519250898254
2024-08-07,0.02343609132913125
2024-08-08,0.02149080033099817
2024-08-09,0.011831642964154782
2024-08-12,0.015119765663274653
2024-08-13,0.017714130178994883
2024-08-14,0.014358766824667362
2024-08-15,0.01981976895325709
2024-08-16,0.009912954817063507
2024-08-19,0.015535748116942392
2024-08-20,0.009267025306819037
2024-08-21,0.008151334440053991
2024-08-22,0.015408841598144126
2024-08-23,0.017609361501903394
2024-08-26,0.014407743385942454
2024-08-27,0.010697645224402254
2024-08-28,0.007815703593441676
2024-08-29,0.020809945277668218
2024-08-30,0.013817502990031762
2024-09-03,0.02975481074274969
2024-09-04,0.022174028282767672
2024-09-05,0.018754618086500027
2024-09-06,0.027721791326001173
2024-09-09,0.01565100098845673
2024-09-10,0.019277210143475162
2024-09-11,0.02605176158206612
2024-09-12,0.012596672148288383
2024-09-13,0.008936653159561783
2024-09-16,0.013320513088019926
2024-09-17,0.007545216105052013
2024-09-18,0.011658548833255537
2024-09-19,0.017716829236626826
2024-09-20,0.01712032623807566
2024-09-23,0.015877231653624445
2024-09-24,0.013172381966198972
2024-09-25,0.00999908862812434
2024-09-26,0.017330475177476892
2024-09-27,0.01564635667080824
2024-09-30,0.010003451453487203
2024-10-01,0.01474522020716737
2024-10-02,0.01531488379013559
2024-10-03,0.017975319912002546
2024-10-04,0.016017673801110962
2024-10-07,0.01684937504968657
2024-10-08,0.01019977250027651
2024-10-09,0.015497133887932743
2024-10-10,0.014351723653510349
2024-10-11,0.029995957103647167
2024-10-14,0.014623662804879645
2024-10-15,0.050060918746711945
2024-10-16,0.02296712339828982
2024-10-17,0.01212894288258771
2024-10-18,0.010777169581970223
2024-10-21,0.014048722577159065
2024-10-22,0.011596016644459629
2024-10-23,0.009247262699331557
2024-10-24,0.0657400827957142
2024-10-25,0.008687441795374035
2024-10-28,0.012531358138752885
2024-10-29,0.01584025632972523
2024-10-30,0.03484886550922459
2024-10-31,0.013260017461015738
2024-11-01,0.02118113206024514
2024-11-04,0.007591152878097093
2024-11-05,0.011372739404150844
2024-11-06,0.04355804140982697
2024-11-07,0.006642474371098525
2024-11-08,0.027232548658667113
2024-11-11,0.03163722580622415
2024-11-12,0.022621109623446732
2024-11-13,0.015381561193504903
2024-11-14,0.022142899369293798
2024-11-15,0.02138221772266722
2024-11-18,0.018683417141465763
2024-11-19,0.014796951719724049
2024-11-20,0.006641404316796196
2024-11-21,0.01833781826210134
2024-11-22,0.017541426032683875
2024-11-25,0.02255747845710826
2024-11-26,0.016679476929946677
2024-11-27,0.008653043550619828
2024-11-29,0.0109469484950059
2024-12-02,0.01157729848771191
2024-12-03,0.01266091289253434
2024-12-04,0.010085674287769995
2024-12-05,0.01489847271954884
2024-12-06,0.02526338391709433
2024-12-09,0.019322273615776438
2024-12-10,0.02747724991765497
2024-12-11,0.022142018141032272
2024-12-12,0.008247708596785936
2024-12-13,0.07693241262321322
2024-12-16,0.035639900865054704
2024-12-17,0.01967724890871979
2024-12-18,0.021047979068823802
2024-12-19,0.012626156772544897
2024-12-20,0.01832777759705208
2024-12-23,0.01847721304133832
2024-12-24,0.02052190550809823
2024-12-26,0.010339348155138471
2024-12-27,0.013177553888995193
2024-12-30,0.009887232267183032
2024-12-31,0.008225534691610227
2025-01-02,0.02470903147260282
2025-01-03,0.024025536901246126
2025-01-06,0.02079191509199929
2025-01-07,0.015958322492392877
2025-01-08,0.013938556329570325
2025-01-10,0.015098884224605334
2025-01-13,0.012219913061179106
2025-01-14,0.009540450174537984
2025-01-15,0.02220652129129262
2025-01-16,0.019860779423224312
2025-01-17,0.011085318714001825
2025-01-21,0.015161095229381515
2025-01-22,0.01836330821244024
2025-01-23,0.010949272441179549
2025-01-24,0.015851842987484224
2025-01-27,0.06920689394267159
2025-01-28,0.026805619892788582
2025-01-29,0.022380415885177404
2025-01-30,0.02929677423783173
2025-01-31,0.018057282143775694
2025-02-03,0.016802679398577117
2025-02-04,0.012261069699717221
2025-02-05,0.04018559006511077
2025-02-06,0.012474727874607242
2025-02-07,0.015345516537079017
2025-02-10,0.01950336734721635
2025-02-11,0.021714686871178616
2025-02-12,0.012728491686431451
2025-02-13,0.017582988199601194
2025-02-14,0.015590551074248052
2025-02-18,0.012384045459418935
2025-02-19,0.009018392405825122
2025-02-20,0.00846616045961845
2025-02-21,0.01363660132838557
2025-02-24,0.015617947440403072
2025-02-25,0.02322006277725541
2025-02-26,0.027362310864445145
2025-02-27,0.02485973788430826
2025-02-28,0.011554710138476414
2025-03-03,0.0228919730678419
2025-03-04,0.020818903329550744
2025-03-05,0.012283623888695465
2025-03-06,0.021453279094033703
2025-03-07,0.026584350897062223
2025-03-10,0.034827249087873456
2025-03-11,0.018552622421668497
2025-03-12,0.026032194175980846
2025-03-13,0.013523162703015523
2025-03-14,0.010270453526916568
2025-03-17,0.021703749180585034
2025-03-18,0.015864011669431657
2025-03-19,0.01348990079709104
2025-03-20,0.008555045920242858
2025-03-21,0.020057675609467824
2025-03-24,0.03430861673681169
2025-03-25,0.013667386724719061
2025-03-26,0.01587093717830004
2025-03-27,0.015996088214913644
2025-03-28,0.01077717227251693
2025-03-31,0.010498755780755074
2025-04-01,0.009785035781169243
2025-04-02,0.01649376584376861
2025-04-03,0.025043075799528247
2025-04-04,0.024502176609559254
2025-04-07,0.02831524032540287
2025-04-08,0.022187600808603124
2025-04-09,0.046269945409476425
2025-04-10,0.017795607150908294
2025-04-11,0.019010594856092827
2025-04-14,0.013859635994403652
2025-04-15,0.012096249551267691
2025-04-16,0.018910307749088962
2025-04-17,0.012148466112370939
2025-04-21,0.011526074459864304
2025-04-22,0.010098063691872083
2025-04-23,0.010408905455216133
2025-04-24,0.01310854615812914
2025-04-25,0.026576580893284713
2025-04-28,0.0072275342254239485
2025-04-29,0.008712067209608248
2025-04-30,0.013324212960270441
2025-05-01,0.024956829242632293
2025-05-02,0.022078280916928615
2025-05-05,0.014111269018688677
2025-05-06,0.00683451336880577
2025-05-07,0.02943864924071135
2025-05-08,0.008297166985953189
2025-05-09,0.015645901897164857
2025-05-12,0.016710423565302786
2025-05-13,0.019415021654415318
2025-05-14,0.020101100817734543
2025-05-15,0.010012192526586191
2025-05-16,0.012194078510266104
2025-05-19,0.010922168635016433
2025-05-20,0.006578572280927419
2025-05-21,0.014568538607486818
2025-05-22,0.008606750233059693
2025-05-23,0.0070203240455636185
2025-05-27,0.013039644722268142
2025-05-28,0.009337330780955133
2025-05-29,0.009730498118708127
2025-05-30,0.013859351034213513
2025-06-02,0.016839546210593668
2025-06-03,0.01588024683128186
2025-06-04,0.01670026342706562
2025-06-05,0.042833800001666186
2025-06-06,0.023063455307928027
2025-06-09,0.020040510584886637
2025-06-10,0.016059908059772407
2025-06-11,0.015110222748209874
2025-06-12,0.01288947885479058
2025-06-13,0.014170126240643332
2025-06-16,0.02242171024666137
2025-06-17,0.011615020438505675
2025-06-18,0.009197769555234681
2025-06-20,0.01577192612067306
2025-06-23,0.02501976439396768
2025-06-24,0.025153894784288467
2025-06-25,0.021864142350719817
2025-06-26,0.01403220226701127
2025-06-27,0.012748976818005036
2025-06-30,0.014309177775206412
2025-07-01,0.020662506381608797
2025-07-02,0.015952692666726907
2025-07-03,0.008569365379598555
2025-07-07,0.019125360220304876
2025-07-08,0.012777328484858873
2025-07-09,0.008058634622940404
2025-07-10,0.018601849193551446
2025-07-11,0.009326496038921352
2025-07-14,0.006947935689038769
2025-07-15,0.023830341359126133
2025-07-16,0.0304632482492761
2025-07-17,0.009111262239500581
2025-07-18,0.014319026110792164
2025-07-21,0.01294189976944499
2025-07-22,0.014284479984237437
2025-07-23,0.01045607362043579
2025-07-24,0.02897230531768953
2025-07-25,0.014835463919851116
2025-07-28,0.014625295057351228
2025-07-29,0.014368305594429618
2025-07-30,0.010522818834353076
2025-07-31,0.04415798336037914
2025-08-01,0.02005604359596429
2025-08-04,0.015131577540192129
2025-08-05,0.008346802395644101
2025-08-06,0.031016139587650697
2025-08-07,0.02017426803710017
2025-08-08,0.012950333451089036
2025-08-11,0.009874035113528854
2025-08-12,0.010550286315393606
2025-08-13,0.02062785449979437
2025-08-14,0.011721574404538927
2025-08-15,0.009301453924915106
2025-08-18,0.00982473832793763
2025-08-19,0.015435106400990353
2025-08-20,0.008033044145321248
2025-08-21,0.005792359740081773
2025-08-22,0.014701359170819196
2025-08-25,0.011687042856979387
2025-08-26,0.008164517168668515
2025-08-27,0.005778178457134358
2025-08-28,0.011807891347502248
2025-08-29,0.015268225636126316
2025-09-02,0.007867662534189758
2025-09-03,0.027588240522660123
2025-09-04,0.011916663931360183
2025-09-05,0.04174703203781306
2025-09-08,0.012747136168143089
2025-09-09,0.01617900033917436
2025-09-10,0.037260983586527976
2025-09-11,0.022960394102800787
2025-09-12,0.02173598062959964
2025-09-15,0.01950335808390809
2025-09-16,0.013950333373131302
2025-09-17,0.013565481649751075
2025-09-18,0.025073922182482368
2025-09-19,0.012030048480880792
2025-09-22,0.0227640580138851
2025-09-23,0.012685369583689628
2025-09-24,0.015475815122823198
2025-09-25,0.015505364956531768
2025-09-26,0.013655024753951068
2025-09-29,0.011395691155599519
2025-09-30,0.010621078693954924
2025-10-01,0.016320093788394396
2025-10-02,0.022162304025007854
2025-10-03,0.011124373043174858
2025-10-06,0.07039105965255184
2025-10-07,0.022433418132461178
2025-10-08,0.033831472013686775
2025-10-09,0.01261411934206384
2025-10-10,0.01656705523135038
2025-10-13,0.027941311926626262
2025-10-14,0.01649011789523266
2025-10-15,0.026957431392267462
2025-10-16,0.009596364539168362
2025-10-17,0.01133518828699477
2025-10-20,0.012633950704789336
2025-10-21,0.013477156601442261
2025-10-22,0.01155843557575862
2025-10-23,0.008752698470626694
2025-10-24,0.026553682966017605
2025-10-27,0.008936736780621773
2025-10-28,0.017769051871470275
2025-10-29,0.013247467914035164
2025-10-30,0.03601267566814528
2025-10-31,0.034487904197620343
2025-11-03,0.01776752883608861
2025-11-04,0.016204826255967805
2025-11-05,0.01727238257969636
2025-11-06,0.020423309367957613
2025-11-07,0.012748336236985285
2025-11-10,0.015404013719547735
2025-11-11,0.01575556867284297
2025-11-12,0.03216868314922612
2025-11-13,0.019494895124038476
2025-11-14,0.009900347038181913
2025-11-17,0.01682964911107692
2025-11-18,0.015108378856767277
2025-11-19,0.022631829328794633
2025-11-20,0.022593938716298747
2025-11-21,0.017493586791408187
2025-11-24,0.030704768747082705
2025-11-25,0.021690958070984943
2025-11-26,0.017260094978793144
2025-11-28,0.011208130397480191
2025-12-01,0.018910336906723817
2025-12-02,0.011970276800900488
2025-12-03,0.019502264377033764
2025-12-04,0.01787937677213655
2025-12-05,0.010426472481656058
2025-12-08,0.01966426105811669
2025-12-09,0.008556315722208033
2025-12-10,0.013743936310399186
2025-12-11,0.010214554723959003
2025-12-12,0.03616545825143801
2025-12-15,0.022309674119831393
2025-12-16,0.011073989833915356
2025-12-17,0.019970991651517046
2025-12-18,0.008375362064701047
2025-12-19,0.02099068566061213
2025-12-22,0.007580398244757416
2025-12-23,0.010588378217681379
2025-12-24,0.002436000926041982
2025-12-26,0.008301511543247065
2025-12-29,0.009831391625009178
2025-12-30,0.005631410949895567
2025-12-31,0.002911075684175956
2026-01-02,0.034421338616206436
2026-01-05,0.02162591356842718
2026-01-06,0.02271158238146815
2026-01-07,0.013189893148210112
2026-01-08,0.01725190081582941
2026-01-09,0.021471447537243945
2026-01-12,0.011240679146819074
2026-01-13,0.022422886850820493
2026-01-14,0.014708563367855334
2026-01-15,0.01812009428849273
2026-01-16,0.011903145288454804
2026-01-20,0.015225129197606999
2026-01-21,0.026400720769752167
2026-01-22,0.01894746402314994
2026-01-23,0.015874630079265175
2026-01-26,0.020361731490183325
2026-01-27,0.012557666197717728
2026-01-28,0.011925598211465214
2026-01-29,0.04768081270178821
2026-01-30,0.024483705012322544
2026-02-02,0.02338820085374371
2026-02-03,0.01135270434197032
2026-02-04,0.04999217403624773
2026-02-05,0.02099002810942891
